Gene Name,log2FoldChange,Annotation
TMEM18,2.04308981681462e-06,Intergenic
PLEKHG4B,1.34769222897792e-06,Intergenic
PGBD2,-1.90586944318488e-06,Intergenic
SERINC2,5.27821210075091e-06,Intron
PIM3,-5.49475665480164e-06,Intergenic
SOX8,9.95090000183429e-07,Intergenic
FAM86B2,-6.85364604213852e-07,Promoter
ZNF251,6.54900429313438e-08,Intergenic
NID1,1.49559951614905e-05,Intergenic
LMTK3,-1.76967258474471e-06,Intron
FAM86FP,-1.9913380169329e-06,Promoter
TMEM87B,-1.31762289373291e-05,Promoter
FARP2,2.81320422275428e-05,Promoter
EBLN2,9.51712036587134e-07,Intergenic
EEF2KMT,4.14766737407709e-06,Promoter
TMEM242,3.8999698783398e-06,Intron
ALG1L9P,-2.22530621423392e-07,Intergenic
FAM86C2P,6.23082293198041e-07,Promoter
MAP3K15,-3.54979143713753e-06,Intron
CIC,-4.03848392918839e-05,Promoter
MAMSTR,2.98587149105972e-06,Intron
LINC00910,4.33439366669887e-06,Promoter
LMTK3,-1.76967258474471e-06,Intron
TMEM141,-1.60610615462216e-05,Promoter
PEG10,1.04501696709686e-05,Intron
AP2A1,-1.69986181720911e-06,Promoter
KMT5C,-1.32836926727954e-05,Promoter
PHRF1,1.86723198734144e-05,Promoter
RAB5B,1.14783889644033e-05,Promoter
INPP5A,5.23908883766334e-06,Promoter
SF1,8.30525757703822e-06,Promoter
ACSS2,-9.38987773931118e-05,Promoter
GRSF1,-1.31000697523101e-05,Promoter
TMEM80,7.18027309329003e-07,Promoter
CCNE1,-7.07877492439598e-06,Intergenic
KCNC3,3.65471734403218e-06,Promoter
TP53I3,-5.92188222735931e-06,Promoter
FAM86B2,-6.85364604213852e-07,Promoter
ZBTB3,-3.7891656245336e-06,Promoter
CELF5,1.22005450137796e-06,Intron
RRAS,1.56571832110528e-06,Promoter
TSEN34,1.61799260995694e-06,Promoter
ZNF574,1.02072540200837e-05,Promoter
CDCA2,7.67828217340655e-06,Promoter
PLAUR,-3.96609164422288e-06,Intron
TRPM2-AS,-4.86718155748133e-07,Intron
FLYWCH1,-2.27611560019491e-06,Intergenic
HNRNPL,4.20100170734728e-06,Promoter
FAM72D,6.53775229195251e-06,Promoter
RNH1,6.29085040094018e-06,Promoter
FKBP2,1.68729618673226e-07,Promoter
MMS19,1.62186076718126e-05,Promoter
OPA3,-3.81382997612991e-07,Intron
TRIP13,-9.99344447755869e-06,Intron
LAMP1,1.04236387127109e-05,Intron
CCDC9,-5.14153100198659e-06,Intron
CORO1C,-5.85112266751196e-06,Promoter
CNOT3,1.65206136467343e-06,Promoter
VPS13A,-8.35678805675485e-06,Promoter
TBCB,-8.33774322157099e-06,Promoter
DKKL1,-3.10399366830044e-07,Promoter
IMPA2,2.04156405639905e-05,Promoter
TMEM18,2.04308981681462e-06,Intergenic
MATN1-AS1,-1.87179319541247e-06,Promoter
FLYWCH2,4.67946691602825e-06,Promoter
GSTZ1,-2.9316082310972e-05,Promoter
MYPOP,-5.72731483534324e-07,Promoter
SIVA1,9.64967542682943e-06,Promoter
RASA4B,-5.88713032159114e-07,Intron
TOMM40,2.35622142398501e-05,Promoter
SERTAD2,-2.73243629969035e-06,Intergenic
TRAPPC9,3.85923456051342e-05,Intergenic
RAB4B,-2.34072098534395e-07,Promoter
ZFPM1,-1.07236613156011e-06,Promoter
DIABLO,3.48099292919612e-06,Promoter
THAP8,6.45262656897617e-06,Promoter
MXD1,2.10698858894037e-06,Promoter
NAPA,1.71116826405079e-06,Promoter
BARD1,1.85363720921618e-06,Promoter
TP53TG3D,9.89258311351094e-07,Intron
ATP8B3,-1.37411949775843e-06,Promoter
HDAC6,5.24488491867032e-06,Promoter
SLC27A1,-5.63945097450014e-06,Promoter
RALY,-4.34598320769918e-05,Promoter
RASA4,3.76166503823939e-07,Intron
DPYSL4,1.29821501272777e-05,Intron
FBXL12,-5.78309508062201e-06,Promoter
LRFN3,-1.86647716797432e-06,Intergenic
FBXO24,1.16529353720369e-06,Promoter
MAP3K3,-1.19351377810764e-05,Promoter
GPI,-4.70740911303761e-07,Intergenic
PRKRA,2.46899601916744e-05,Promoter
TMEM53,-1.61962440879334e-06,Promoter
PDIA4,-8.42137188769368e-06,Promoter
POLR2J3,-1.70530160051486e-06,Intron
NAMPT,-1.61623112526116e-05,Promoter
RPS19,-9.85093400273775e-07,Promoter
LINC00960,-2.79415653741735e-07,Intergenic
CATSPERG,-2.70492286077442e-07,Intron
KDM3A,1.25041615547798e-05,Promoter
SF3B6,-1.16933433298238e-06,Promoter
NFATC1,-2.1643569829926e-07,Intron
VPS37C,-5.53377801229601e-07,Promoter
FCGR2A,9.80693905473504e-07,Intergenic
ICE1,1.35017799808433e-05,Promoter
DPY19L1,-1.59333520165847e-05,Intron
TBC1D17,-2.30252697675515e-05,Promoter
LINC00685,-2.48798568439296e-07,Intergenic
WDR74,5.48629615203047e-06,Promoter
SERTAD3,7.86654700552883e-05,Promoter
PPP2R5C,-6.86673268390983e-06,Promoter
B3GALNT2,1.39085757597138e-05,Promoter
PLCD1,2.33163127938349e-08,Promoter
FCGR2A,9.80693905473504e-07,Intergenic
SDC1,-8.4271790585518e-06,Intergenic
AGFG2,-2.75109035168869e-05,Promoter
SLC2A8,6.34956680133114e-06,Promoter
TCAF2,-1.45252520084683e-06,Promoter
YPEL5,-1.09723484135185e-05,Promoter
BRF1,-7.69986286764271e-06,Promoter
ESYT2,-5.90443815924481e-06,Intron
PRMT1,3.14780606209682e-05,Promoter
ERCC1,8.29113658495017e-06,Intergenic
ELL,-4.34929296899863e-06,Promoter
KLF16,-2.91437044119112e-07,Promoter
SERTAD3,7.86654700552883e-05,Promoter
B9D1,4.42146201331683e-07,Promoter
MED11,-6.93634979643823e-06,Intron
GSK3B,1.74822001280169e-06,Promoter
MOSPD3,-2.56950722578154e-06,Promoter
ABHD2,-2.17935907746314e-06,Promoter
NDUFA11,-1.28308851153059e-07,Promoter
SLC20A1,2.23331810991123e-05,Promoter
RBM42,-2.05991976500141e-05,Promoter
GLDC,4.3900512394025e-06,Intergenic
PWWP2A,-5.4980311759208e-06,Promoter
HFM1,6.29837562054105e-07,Intron
RPS11,1.29531299469754e-06,Promoter
PKNOX1,6.50112408440553e-06,Promoter
SAMD4B,1.25205790951243e-05,Promoter
LINC00685,-2.48798568439296e-07,Intergenic
KHSRP,2.46556154720644e-05,Promoter
XPO1,-2.03818114482193e-06,Promoter
LAPTM4A,1.17065688112379e-05,Promoter
ZNF595,-1.39511934185079e-06,Intergenic
GSK3A,-1.19641183055706e-05,Promoter
MAFA,-2.84521117828661e-07,Intron
VAMP1,-4.36060122024264e-06,Promoter
RPPH1,-1.17389425188648e-06,Promoter
TMEM143,-5.10159987089725e-06,Promoter
FOXN2,-3.93901625133882e-06,Promoter
HSPBP1,-5.20587378597616e-06,Promoter
PSMC4,-5.25160348553014e-06,Promoter
ALDH16A1,4.44444025110316e-06,Intron
CUL3,-7.64456001834636e-06,Promoter
PPM1B,-5.03396706984838e-05,Promoter
RPS6KA5,9.09159672719688e-06,Promoter
FXR2,1.27298590137417e-05,Promoter
ARMC5,-5.39892719345299e-06,Promoter
MOSPD2,5.2741536802608e-06,Promoter
EEPD1,1.12416136332202e-05,Promoter
TFE3,-5.22988326406699e-06,Promoter
PDCL3,-3.167541334637e-06,Promoter
RRM2B,-1.97861370311747e-05,Promoter
MEPCE,6.66004365486939e-06,Promoter
BLVRB,-1.2825597549204e-05,Promoter
EMD,1.68851354610851e-05,Promoter
ALDH6A1,-3.10567049348132e-06,Promoter
AKTIP,-1.90914270435062e-05,Promoter
SIN3A,2.11602180760242e-05,Promoter
CNOT8,-1.12844099522267e-05,Promoter
PCF11,3.83608744723468e-06,Promoter
JAK3,-1.00433814198118e-06,Intron
RYR1,1.40894605214519e-06,Intron
APEH,3.06078911964531e-06,Promoter
CASC3,1.49212499610886e-05,Promoter
CNPY2,1.067978492561e-06,Promoter
UBP1,-2.18963035169484e-05,Promoter
KAT6B,9.74443139309516e-06,Promoter
RAP2A,-5.83178562481469e-06,Promoter
NFE2L1,-3.16166665441417e-06,Promoter
COX14,-1.01803568966686e-05,Promoter
SHB,-9.46961729897093e-06,Intergenic
ZNF414,-6.01274337270261e-06,Intron
PPFIA3,4.65539572291609e-06,Intron
SNRPD2,3.47346476982649e-06,Promoter
RUVBL2,1.2564212295706e-05,Promoter
ISOC2,3.89026707022118e-06,Promoter
LINC00957,-9.59433373537359e-07,Intron
PCGF1,-6.04868532927739e-06,Intron
DACT3-AS1,-2.55159290363936e-07,Promoter
CLEC11A,-3.42011722313239e-07,Intron
MIER1,-1.27887531827719e-05,Promoter
MRPL38,1.35971817537595e-06,Promoter
PRICKLE3,-1.16688402464112e-05,Intron
HNRNPUL1,-2.0112546817884e-07,Promoter
CCM2,-7.94906275135859e-06,Promoter
BANP,1.99934134004214e-06,Promoter
SHC1,-1.16919088604253e-05,Promoter
GMPPA,-3.82515715016364e-07,Promoter
SP1,6.2611367625152e-06,Promoter
ZNF576,-2.01507693132315e-06,Promoter
GATAD2A,9.62485875013311e-06,Promoter
UPF2,9.27120580146052e-06,Promoter
TRAM2,-8.11438092002872e-06,Intron
ARL6IP6,-1.82600107851291e-05,Promoter
HSPA8,-7.10003002514417e-07,Promoter
CHCHD7,1.69307625672809e-05,Promoter
AXL,-2.1799171676917e-05,Promoter
TSSC4,-4.67844664695991e-06,Promoter
IBA57,3.04791160324897e-06,Promoter
ZFAS1,2.28917856565931e-06,Promoter
CAMTA1,-1.89577491362721e-06,Intron
RNF31,-7.72691070136514e-07,Promoter
PJA2,-1.89384694457543e-05,Promoter
TMEM256-PLSCR3,-2.67767796302383e-07,Promoter
TMEM256-PLSCR3,-2.67767796302383e-07,Promoter
OGDH,5.07644827732303e-07,Intron
EBAG9,-6.031337181358e-06,Promoter
BHLHE41,-1.20866916478803e-06,Intergenic
UTP18,-4.19725820473064e-06,Promoter
FZD5,-4.53130715677282e-06,Promoter
ALKBH5,-5.71508113311465e-06,Promoter
POLR2J2,1.51992835651796e-06,Intron
HSD17B12,-5.39183004494914e-06,Promoter
TP53BP2,-5.73947344111404e-07,Promoter
TRIB1,6.06091133582776e-06,Promoter
YWHAG,1.27474133914929e-05,Promoter
CDON,-1.06755652148263e-05,Promoter
ZBTB20,8.87557509237199e-07,Promoter
SEMA4B,-1.6332767047778e-06,Intergenic
PPP1R16A,1.15986585340481e-06,Promoter
HSPD1,-5.76471661370472e-06,Promoter
ARRB2,-2.59107515709457e-05,Promoter
TNFAIP2,-3.66740564621993e-06,Intergenic
PLK3,-2.44900751511801e-06,Promoter
PCNA,-1.74867278985148e-05,Promoter
USP32,2.59967194713467e-06,Promoter
LPCAT3,4.38365221547656e-06,Promoter
RAB35,-1.57931216638463e-05,Intron
PABPN1,3.93055107130363e-06,Promoter
UTP14A,8.54764685729637e-06,Intergenic
STK32C,1.15130790715685e-06,Promoter
ZDHHC17,1.18694493989385e-05,Promoter
IFT27,-3.81124880306459e-06,Promoter
UCHL3,5.77218819166286e-06,Promoter
GTF2A1,-1.09950106402317e-05,Promoter
AAGAB,-3.84471475885841e-06,Promoter
ASB7,9.54594214516895e-06,Promoter
TMEM65,-9.53639872157246e-06,Promoter
HDLBP,1.40185509947646e-05,Promoter
MAZ,9.2138131238738e-06,Promoter
NARF,5.25380114126113e-06,Promoter
OXSR1,3.5695085860889e-06,Promoter
ABCB8,1.38818929640673e-06,Promoter
ASMTL,3.83266901697349e-06,Promoter
PPP2R1A,-5.02348143604752e-06,Promoter
LPCAT1,1.55875169622133e-05,Intergenic
FBXO5,-4.02056646834449e-06,Promoter
SLC25A6,1.62185761898097e-06,Promoter
PPP6R1,-1.19244825216716e-05,Promoter
MTMR4,1.32561247818552e-05,Promoter
LMNA,-1.9272418503595e-05,Promoter
PITRM1,1.12982539695606e-05,Promoter
RELL1,2.044919836396e-06,Promoter
CCSER2,4.65417946776433e-05,Promoter
DNAAF3,-7.76042818495919e-07,Promoter
DCXR,-6.98989107979451e-06,Promoter
RAB11FIP3,1.10162586316756e-05,Intron
HYAL3,-5.42394466253209e-07,Promoter
RNF139,-3.62233542663214e-06,Promoter
CREB3,-7.6134982434996e-06,Promoter
BTD,-9.08313504171902e-07,Promoter
ZNF48,6.81022538084813e-06,Promoter
TMED1,-7.34235626458062e-06,Promoter
STAT3,-8.23894807055289e-06,Promoter
CENPO,1.80093065933543e-07,Promoter
ZBTB37,3.82186155024532e-06,Promoter
ARHGAP45,5.61919945078491e-08,Intron
CYTH2,3.6526506306195e-05,Promoter
IQUB,2.39626783184147e-07,Promoter
ZP3,-1.31567985224908e-06,Intergenic
TIAL1,1.64199706892583e-05,Promoter
TTLL5,-1.88396401848932e-05,Promoter
AK7,9.23858750742697e-06,Promoter
TAF6L,1.00934832884615e-06,Intron
ASMTL,3.83266901697349e-06,Promoter
KIF21A,7.22510767965633e-06,Promoter
CLDN4,2.69734556183726e-07,Intergenic
NAA38,2.49947131368568e-05,Promoter
HRH1,-1.41310412374638e-06,Promoter
LIG1,4.44120949303741e-06,Promoter
DLD,-2.3781505660366e-07,Intron
NHEJ1,-6.56505676899591e-06,Promoter
YIF1B,5.18683538013015e-07,Promoter
ZBTB2,-7.39368986661664e-06,Intron
LAD1,5.07959957379604e-07,Intron
UBAP2,2.83889402361671e-06,Promoter
LINC01003,1.55318096141137e-07,Promoter
HGH1,-4.29451431260142e-07,Promoter
NCOA2,-1.08784728023197e-05,Intron
CALM3,3.16136851786957e-07,Promoter
NT5C,-1.1834066616482e-06,Intron
KLHL26,1.66312966643135e-06,Promoter
KCTD21,3.1929790495579e-07,Promoter
FARSB,-2.64833986900038e-07,Promoter
POLD2,2.63443204336433e-06,Promoter
SWT1,2.48673714233875e-05,Promoter
ZDHHC5,9.17757943967767e-07,Promoter
WDFY2,6.800163174398e-07,Promoter
TK1,-9.84835365619107e-06,Promoter
NUP85,2.19793960457461e-06,Promoter
ID1,6.74139109227598e-06,Intergenic
PRMT2,6.40362651797799e-06,Intergenic
SPRYD3,7.31087866468362e-07,Promoter
FSTL3,1.60406280410238e-05,Intron
IMMT,-8.79183786522639e-06,Promoter
TDG,-8.67744654607081e-06,Promoter
IQGAP1,-7.23872408887183e-06,Promoter
BICDL1,-1.50727630927671e-05,Promoter
JUND,-4.83246573900143e-06,Promoter
TAOK2,-2.56628292397008e-05,Promoter
ZNF444,-6.69195589766381e-06,Promoter
ELP5,5.33467365226959e-06,Promoter
LONP1,-5.21803678664868e-07,Promoter
PAICS,-4.97634913216939e-06,Promoter
RMRP,3.55673391804542e-06,Promoter
ABHD17B,-1.37079734833083e-05,Promoter
USP5,1.25799099329224e-05,Intron
FBXO33,6.01022120082686e-06,Promoter
AGPAT1,-8.7111874473083e-07,Promoter
CHD9,7.8620287026019e-05,Promoter
HGH1,-4.29451431260142e-07,Promoter
CUX1,5.96776637610608e-06,Intron
ACTN4,2.14042449784186e-06,Intron
ARHGAP33,-8.81087143387013e-07,Promoter
PPP1R3E,-7.47540612171309e-08,Intron
FBXO27,-3.25660213217071e-06,Intron
FDXR,-9.69453448470096e-06,Promoter
SP2,3.63721578201144e-06,Promoter
DCAF11,-1.27943101463689e-05,Promoter
RBM39,9.1024486196649e-06,Promoter
KPNB1,-6.93638492665646e-06,Promoter
SPAG4,1.45568533110227e-06,Intron
ANAPC15,8.83923268005276e-07,Promoter
STT3B,-2.80478942192745e-05,Promoter
SERTAD1,-3.14924123225038e-06,Promoter
POLD1,3.30441444890362e-06,Promoter
SNORD3A,-1.76101111812453e-07,Promoter
ADI1,-5.28526324894948e-06,Intron
TMEM170A,-3.36905907097075e-06,Promoter
FBXO11,-4.80972791416075e-07,Promoter
SLC25A6,1.62185761898097e-06,Promoter
CARM1,-5.67430131114947e-06,Promoter
U2AF1L4,1.90200896077628e-06,Promoter
ATG2A,7.35895779372678e-06,Promoter
MYO9A,-8.27238455394008e-06,Promoter
PLEKHO2,6.82531956730431e-07,Promoter
RMDN1,-6.59821509223138e-06,Promoter
SERTAD1,-3.14924123225038e-06,Promoter
BAIAP3,-1.28745255951086e-07,Intron
FAM161A,1.44432669385491e-05,Intergenic
ATG10,1.25660207145205e-05,Promoter
CEP85,1.58279043431158e-07,Promoter
ORMDL2,3.03020888515979e-05,Promoter
LRRC45,3.91560824554709e-05,Promoter
EXOSC5,5.21611220245303e-06,Promoter
DESI2,2.3998911604391e-05,Promoter
CIB1,4.74078014961964e-06,Promoter
COQ10B,-1.54702500771699e-05,Promoter
EIF2B4,-3.96516728258886e-07,Promoter
DUXAP8,7.02916409611987e-06,Promoter
SNX15,1.96233315241267e-06,Promoter
GPSM3,-2.03127245247591e-06,Promoter
TNFAIP1,-2.33259503645903e-05,Promoter
DNAJC21,-1.04426034814672e-06,Promoter
VPS35,0.000253623150342,Promoter
HBP1,4.95652120128749e-06,Promoter
TOM1L2,-1.53883402062144e-06,Promoter
NPM1,0.0001843208331591,Promoter
P4HB,1.86605408464106e-06,Promoter
ENY2,5.18914510332879e-06,Promoter
GRB2,1.04208931934656e-06,Intron
TMEM9B-AS1,-4.14121352502238e-06,Promoter
OGG1,8.71125208130331e-07,Promoter
RPL7,1.95149426771059e-07,Promoter
SFXN2,3.50499942235434e-06,Promoter
SEC23B,3.03556987118252e-05,Promoter
USP36,2.47757830350739e-05,Intron
DLG4,3.94558076353263e-07,Promoter
LRP3,4.45588144326853e-07,Intergenic
THUMPD3-AS1,5.573923505305e-06,Promoter
SCYL3,1.30837741460138e-06,Promoter
KAT8,1.28845009239546e-05,Promoter
PPOX,1.45412035184659e-05,Promoter
LEPR,-3.22015851457344e-06,Promoter
LINC00960,-2.79415653741735e-07,Intergenic
CEP295NL,-1.69070169624803e-07,Intron
SEC61A2,1.38243314276423e-06,Promoter
ASXL2,3.91425532195701e-07,Promoter
SLC39A13,4.18466743764207e-06,Promoter
FAM53A,4.99166890048666e-07,Intergenic
MLEC,-3.93098390145002e-05,Promoter
AXIN1,2.40746749886954e-06,Promoter
VASP,-2.16499682155497e-05,Promoter
SLC35B1,3.34507794986529e-06,Promoter
GOLGA5,-7.33962643061509e-07,Promoter
EHBP1,2.79392057077212e-05,Promoter
MRPL48,-9.05570468613221e-06,Intergenic
SARS2,-4.39591876835834e-06,Promoter
SERTAD1,-3.14924123225038e-06,Promoter
TNFRSF1A,6.54819223275095e-07,Intron
JUP,-6.33725341818776e-05,Promoter
NANP,6.81311685113392e-06,Promoter
PHTF2,7.83278678595319e-06,Promoter
SPATA2L,-5.63051806356531e-06,Promoter
EIF5A,1.0283224787333e-07,Promoter
B9D2,3.11199977979088e-06,Promoter
ALAD,-9.66069816295653e-06,Promoter
CD22,5.95909533726285e-06,Intergenic
NFKBIB,1.09187102766376e-06,Promoter
SLC22A4,2.28567245349943e-06,Promoter
HIP1,-3.40999016248836e-07,Promoter
SKIL,-7.45521161945659e-06,Promoter
C14orf93,2.7346879362747e-06,Intron
MPRIP,6.82413919800331e-06,Intergenic
SP4,-2.3792787321291e-06,Promoter
RANBP10,2.30339480249118e-05,Promoter
ARRDC1-AS1,3.37902446732837e-07,Intron
SLC25A45,4.10378793523643e-06,Promoter
PABPC1,-0.0001051244211224,Promoter
PPP1R3F,5.88507732559458e-06,Promoter
TEN1,9.191552729859e-07,Promoter
CDK4,8.0109637323758e-06,Promoter
POLE3,8.03205317804476e-06,Promoter
TMBIM6,-1.16351656492852e-05,Promoter
PDIA6,-8.38911003844082e-07,Promoter
ZNF251,6.54900429313438e-08,Intergenic
B3GNTL1,-3.78494019621018e-07,Promoter
NFYA,5.65737408722897e-06,Promoter
ACACA,2.61220463758391e-05,Promoter
WSB1,-1.45816853589921e-06,Intergenic
DNAJC27,-3.55944556295942e-06,Promoter
TBL2,2.02898223657209e-05,Promoter
TPR,2.0098320680466e-05,Promoter
GCA,4.32214701346856e-06,Promoter
U2AF2,1.79699277060516e-06,Promoter
POLR2J,-9.0329869124595e-06,Intron
HNRNPD,2.62696539541684e-05,Promoter
EDEM3,-2.09129596210926e-05,Promoter
GRK6,-6.745084985164e-06,Promoter
OSBP,1.21675646882359e-05,Promoter
POLR2A,1.41208246462816e-05,Promoter
GGPS1,5.24471904784663e-06,Promoter
ARHGAP45,5.61919945078491e-08,Intron
GPSM3,-2.03127245247591e-06,Promoter
GPSM3,-2.03127245247591e-06,Promoter
UNK,-9.9975430942629e-06,Promoter
DDX5,6.65937538116761e-05,Promoter
ZNF414,-6.01274337270261e-06,Intron
MAP3K9,-4.88075229265164e-06,Promoter
FAM110C,-8.24118729517732e-06,Intergenic
NKTR,2.80745306437035e-06,Promoter
GUK1,6.4762443731879e-06,Promoter
ADPRHL1,-8.41887219035119e-06,Promoter
SPTY2D1,-1.27170407467367e-05,Promoter
AGPAT1,-8.7111874473083e-07,Promoter
CDC27,-3.04627511631048e-05,Promoter
MLH1,3.09273831661719e-07,Promoter
RPIA,2.89841840895726e-06,Promoter
NEURL4,1.83664300119945e-05,Promoter
OCEL1,-2.94252797090666e-06,Intron
BCAS3,3.75896378764389e-06,Promoter
MAMSTR,2.98587149105972e-06,Intron
CAPNS1,-8.34321138797043e-06,Intergenic
SULT2B1,-2.58258064121338e-05,Intron
SMPD1,-1.25182182319011e-05,Promoter
PPP1CA,-9.72765124142897e-06,Promoter
MYLK-AS1,-8.53081186604161e-08,Promoter
YWHAQ,-5.8556946323128e-06,Intergenic
PRKCZ,5.48760911363631e-06,Intron
UBE2I,-6.14366772521624e-06,Promoter
AGPAT1,-8.7111874473083e-07,Promoter
ISG20,-1.89540624600898e-06,Promoter
SLC28A1,-2.0159948797588e-07,Intron
ANKHD1-EIF4EBP3,-4.74459875298343e-07,Promoter
FBXO46,2.84913349693765e-06,Promoter
CACYBP,-4.93660052392665e-06,Promoter
PNPLA8,-5.62596415899856e-06,Promoter
LAMTOR4,-5.88237815149619e-06,Promoter
CD82,-2.96989590942801e-06,Promoter
MADD,3.1117174257108e-06,Promoter
AGPAT1,-8.7111874473083e-07,Promoter
PGP,8.7099585174672e-05,Promoter
SOCS5,2.62633103172183e-05,Promoter
SMG1,9.27079603144732e-06,Promoter
HYOU1,8.85813703458784e-06,Promoter
RAB1A,2.61439410168028e-05,Promoter
NUMA1,1.10872792739444e-05,Promoter
LINC01011,-1.40040981922501e-06,Intron
PANK3,-2.29266375130753e-05,Promoter
KMT2B,1.06302688865292e-05,Promoter
EHD1,-2.06888069496641e-05,Promoter
PTK6,8.78402321895306e-07,Promoter
PYGB,-1.36334831456622e-05,Intron
ZMIZ2,5.67425611637711e-06,Promoter
SPHK2,-2.27423691914732e-06,Promoter
BRPF1,-1.1699475630145e-06,Promoter
ATF3,3.93018854416171e-07,Promoter
SDR39U1,-3.84359107276915e-06,Promoter
PTPRU,-1.2831505450453e-06,Intron
KCMF1,7.63624458197007e-05,Intergenic
FOXE1,-1.22510964317643e-06,Intergenic
TESK1,9.04626927601758e-06,Promoter
NLK,2.89626537014088e-06,Intergenic
RRBP1,1.16657132202099e-06,Promoter
NDEL1,-4.54159859617938e-06,Promoter
NTNG2,-1.20383281551445e-07,Intron
LARP1B,-1.54247957045951e-05,Promoter
CDCA3,-1.01005108963551e-05,Promoter
C19orf73,4.78128201041331e-07,Promoter
SHPK,3.63582351800971e-06,Promoter
ABCD3,-1.16926191748095e-05,Promoter
ZNF185,-2.92047890218756e-06,Promoter
KLF13,3.31140789254057e-06,Promoter
PHF20,-2.77460236376801e-06,Promoter
FAM168A,1.80492685771713e-05,Promoter
NUMB,-7.23999709920639e-06,Promoter
TNKS1BP1,-2.42859886551413e-05,Intron
KIZ,5.17239104707662e-07,Promoter
TPRN,2.45219987121232e-06,Promoter
PDCD10,-1.86778951553934e-05,Promoter
SP1,6.2611367625152e-06,Promoter
FOXK1,1.36577128842986e-05,Intergenic
KHNYN,2.26815173053152e-05,Promoter
SNRPA,1.88259019238596e-06,Promoter
ADGRG1,2.64053377161497e-05,Promoter
GOLGA2,5.47812165372629e-07,Promoter
BMP1,-5.99004399059185e-06,Intron
CBX5,-1.65997350379373e-05,Promoter
JUNB,1.97103607116358e-05,Intergenic
TUBB4B,6.56069061233686e-06,Promoter
PSMD8,-6.12888173688586e-06,Promoter
DENND3,-1.25415814989208e-07,Promoter
RAB8A,9.2699953922447e-06,Promoter
AGPAT1,-8.7111874473083e-07,Promoter
CCT3,-1.2871235715895e-05,Promoter
TMEM208,2.09619139496868e-05,Promoter
KDM4C,3.03096622252271e-06,Promoter
KYAT3,-1.35280492201019e-06,Promoter
MZF1-AS1,2.33653959554766e-06,Promoter
ILF3,2.38943470126877e-05,Promoter
RAB10,-2.90671920315825e-06,Promoter
METTL1,-1.15644813126048e-06,Promoter
RAB40C,-9.88197978778644e-06,Promoter
TMEM242,3.8999698783398e-06,Intron
GPBP1,-1.18123160163186e-05,Promoter
PUM2,-1.25761518649344e-05,Promoter
LINC00957,-9.59433373537359e-07,Intron
DCAKD,-1.60314819646524e-06,Promoter
PGAP2,-1.87409362478415e-06,Promoter
CLIC4,-1.08193757401616e-05,Promoter
DDX59,-4.7293926411475e-06,Promoter
OGFOD3,-4.78512091638877e-06,Promoter
RBCK1,1.82845258188653e-05,Intergenic
SPTLC2,-1.96781825931362e-06,Promoter
ALKBH7,5.57351932358339e-06,Intron
SMPD4,1.35186733001738e-05,Promoter
ITSN1,1.18987601233476e-05,Promoter
FER,1.88700298464275e-06,Promoter
CXADR,-1.16260793462284e-06,Promoter
SMARCD2,-3.96556483925787e-06,Promoter
ZC3H4,-3.68012285281725e-06,Intron
SNRNP70,4.328160739103e-06,Promoter
SPTAN1,3.59133549476277e-06,Promoter
ANKRD39,6.82309629984523e-06,Promoter
BHLHE40,8.10434944727171e-06,Promoter
HNRNPD,2.62696539541684e-05,Promoter
PTPN4,-7.5875281145796e-06,Promoter
S100A2,-5.65257257018228e-07,Promoter
CREB1,-4.24055063538127e-05,Promoter
GET4,3.25276181633084e-06,Promoter
POLG,-1.32511969984889e-06,Promoter
GNAI2,-9.94484200523858e-06,Promoter
DOLPP1,-1.63734241989041e-05,Promoter
UBE3C,-1.14688435305375e-05,Promoter
ESRP2,3.6336898464491e-07,Intergenic
ZNF865,-1.09947416822643e-05,Promoter
JADE2,-5.04829650717353e-06,Intron
TNKS1BP1,-2.42859886551413e-05,Intron
GPSM3,-2.03127245247591e-06,Promoter
AFG3L2,-5.40960623169071e-06,Promoter
CHPF,8.81307615432667e-06,Promoter
ING5,-3.10649446763388e-05,Promoter
LARP1,3.52568542563162e-05,Promoter
UQCRHL,-2.19953429133544e-06,Intergenic
CTNNBIP1,3.52057861545757e-06,Promoter
FIZ1,-4.25102794198612e-06,Promoter
CMC2,-3.60220649360511e-07,Promoter
GBF1,8.26127398373495e-06,Promoter
APAF1,-3.66698364635273e-07,Promoter
RHOG,3.09983921292391e-06,Promoter
GRID1,2.61701634912298e-06,Intergenic
PICALM,3.44081584619384e-06,Promoter
TADA3,-5.69982551255161e-06,Promoter
AP1AR,-3.44987029481558e-06,Promoter
TRAPPC6A,-5.03322903658723e-06,Promoter
RNH1,6.29085040094018e-06,Promoter
RAB5A,-1.52122102768701e-06,Promoter
CHD7,2.00517189297902e-05,Intergenic
TAOK3,6.23642739186749e-05,Promoter
E4F1,-2.30190143302029e-05,Promoter
ZNRF2,-5.17377300214692e-06,Promoter
LASP1,-1.38132418449342e-05,Promoter
FAM98A,-5.85251486227793e-07,Promoter
NDUFAF6,-7.73384738323996e-06,Promoter
CSNK1A1,3.90416882704562e-05,Promoter
PTPRH,-3.48730393634432e-06,Intergenic
ETF1,-6.35558611289971e-06,Promoter
G6PC3,-5.59229608515291e-06,Promoter
CHRAC1,-8.23221160801433e-06,Promoter
DDX39A,-0.0001468430825732,Promoter
MRPS27,-4.57553864505506e-06,Intron
PPP2R5A,-7.08844448469045e-06,Promoter
CRNDE,1.98444213543782e-05,Promoter
MPHOSPH9,7.71136399343773e-06,Promoter
ZBTB32,7.27320641638477e-07,Intergenic
DNAJC9,-7.3732909130082e-06,Promoter
RMI1,-3.14304805842303e-05,Promoter
CDR2L,-1.51857064051549e-05,Intergenic
PCSK4,9.04590772033893e-07,Promoter
MIEN1,-3.14081473805401e-05,Promoter
PRSS8,4.859758688185e-07,Intron
CDK16,1.60983216054954e-05,Promoter
AVPI1,-8.52203720368383e-06,Promoter
EIF4EBP1,-5.20897399277116e-06,Intron
ELK1,-7.01769916728528e-05,Promoter
LPCAT4,3.7218286966349e-06,Promoter
PPP2R3B,6.01038696582004e-06,Promoter
GNAI2,-9.94484200523858e-06,Promoter
UCP2,-4.41461354271441e-06,Promoter
BIN1,-6.47966488869017e-06,Intron
SLC25A32,-3.04978279458523e-06,Promoter
CANX,-1.4435999487931e-05,Promoter
CLPTM1L,1.9864686540091e-05,Intron
PELI1,-4.17559735608711e-06,Promoter
APIP,-2.71965844518661e-06,Promoter
FBXO46,2.84913349693765e-06,Promoter
SSBP2,3.79060039983969e-06,Promoter
ZNF131,9.12927253816671e-06,Promoter
PTMA,-1.1270401909613e-05,Intergenic
CRY1,-3.96214396399102e-06,Promoter
HOXC5,-4.69667105029612e-07,Intron
LINC01569,-7.26004542865931e-07,Promoter
ADAT3,3.03836029444976e-06,Promoter
CBLB,3.67045897787471e-05,Promoter
SEC14L1,2.77208692576267e-06,Promoter
WIPI1,5.79942450903716e-06,Promoter
DDIT4,-7.46183085886515e-05,Intergenic
SKA2,-1.37352311481316e-06,Promoter
OSBPL2,-8.14226283270708e-06,Promoter
ZC3H10,9.38530695554803e-06,Promoter
MFSD11,1.04019994498355e-05,Promoter
RTN4,3.49472128954128e-06,Promoter
BCAP31,-1.79951741131952e-05,Promoter
CLU,-4.02313334731183e-05,Intergenic
ACADVL,3.0023371223908e-05,Intron
CS,-3.23987039412969e-06,Promoter
ELL2,-1.58161960821164e-05,Promoter
TTC31,8.08981843307854e-06,Promoter
PA2G4,2.3590810825563e-06,Promoter
RAB3A,-1.63398123123927e-06,Promoter
PSMD8,-6.12888173688586e-06,Promoter
RAB40B,-2.28366021145294e-06,Promoter
FGD5-AS1,-1.74747772160675e-05,Promoter
NGLY1,-1.33081675940646e-05,Promoter
SRCIN1,6.42836165449217e-07,Intron
GTPBP1,1.27680059239069e-05,Promoter
QRICH1,2.21485323823059e-06,Promoter
BRSK2,4.82832392139333e-06,Promoter
TMEM17,-2.27268541708379e-06,Promoter
SLC35A5,-2.38256728241424e-05,Promoter
FBXL19,-2.35416654179033e-06,Promoter
CREBRF,-3.24736377422939e-06,Intron
ARSI,-1.04761870228639e-06,Intergenic
JUP,-6.33725341818776e-05,Promoter
PCNX3,2.57377824446219e-05,Promoter
OTUD1,4.96765758791265e-06,Promoter
CEP57L1,1.56959285138681e-06,Promoter
PTP4A3,1.26971139048845e-05,Intron
BAZ2A,1.6441887849353e-05,Promoter
NUDT8,-2.49668905695474e-06,Promoter
RSU1,-0.158929157537198,Promoter
NUDT8,-2.49668905695474e-06,Promoter
PRMT2,6.40362651797799e-06,Intergenic
PUF60,4.35604019623639e-06,Promoter
TMEM105,-3.07287004117242e-06,Intron
PER1,6.18555180246296e-06,Intergenic
CNTROB,5.52367107715838e-06,Promoter
RBX1,4.98882415749607e-06,Promoter
RWDD1,-6.3958140221217e-06,Promoter
ELF3,-2.98657747676269e-05,Intergenic
HNRNPF,-7.88235432577007e-06,Promoter
ZNF217,8.56452121209111e-06,Promoter
CETN3,-4.35150832081787e-06,Promoter
EVI5L,-9.39796505973147e-07,Promoter
MYH10,2.1152733795649e-05,Promoter
LENG1,2.95392812928589e-06,Promoter
COL16A1,1.16647837984564e-06,Intergenic
GK,5.36481099703414e-06,Promoter
C7orf50,-4.60120634506619e-06,Promoter
SH3GLB2,6.64223717637338e-06,Promoter
POLR2J3,-1.70530160051486e-06,Intron
ATP2B1,1.04903918368222e-06,Promoter
CDK5RAP3,5.06961077693144e-06,Promoter
KDM4B,1.46828418769708e-06,Promoter
SYNCRIP,5.01297824471318e-06,Promoter
GPSM3,-2.03127245247591e-06,Promoter
PCTP,-9.1040682283703e-06,Promoter
ENSA,1.57022233381959e-05,Promoter
ASPH,-0.0010133639620839,Promoter
KIF22,2.27688905429988e-06,Promoter
HS3ST3B1,7.71057896191272e-06,Promoter
BBIP1,-5.21843059298424e-06,Promoter
TDRKH,1.18853945564749e-06,Promoter
PPP6R3,1.43971560724633e-05,Promoter
ADRA2C,6.68496638011468e-07,Intergenic
NECTIN2,-3.19681474262263e-06,Promoter
PRPSAP1,6.41429709563313e-06,Promoter
NT5C3A,-6.28694155406049e-06,Promoter
RPS26,1.99835752758162e-06,Promoter
FEM1A,-6.57570021740629e-06,Promoter
TMEM106B,-4.94015050074618e-05,Promoter
EIF4A1,1.48263773848447e-06,Promoter
OST4,8.91795903429003e-07,Promoter
ERCC1,8.29113658495017e-06,Intergenic
SPSB2,2.53210983833407e-06,Promoter
PRKAG2,-2.51750441161261e-05,Intron
HM13-AS1,2.08100482326491e-07,Intron
CCNK,-9.1366527811907e-06,Promoter
SLC25A35,-1.63568144387215e-05,Promoter
CYP2R1,-2.28985074850503e-05,Promoter
USP22,-1.26576720914861e-06,Promoter
TMUB2,-1.81544116787305e-05,Promoter
SIAH2,-7.21488014388518e-06,Promoter
PSMA5,-8.82625388415592e-06,Promoter
ZNF771,-3.10073555616595e-06,Promoter
C19orf47,7.10323976998948e-06,Promoter
ACTR1B,4.89691610189439e-06,Promoter
COQ7,5.33961578655508e-06,Promoter
LRP1,5.76411649885888e-05,Promoter
RAD52,-3.12330186620775e-06,Promoter
ATP23,-3.40975931951193e-06,Promoter
CEP290,-3.0255825987589e-06,Promoter
TFB1M,-1.67993810258032e-06,Promoter
ZNF7,1.01174347285744e-05,Promoter
PPP2R3B,6.01038696582004e-06,Promoter
NPC2,2.26203814601598e-05,Promoter
CD55,-1.37421512037679e-05,Promoter
ATXN7L3,1.15293627175025e-05,Promoter
CARS2,1.27623929550427e-05,Promoter
TOLLIP,-1.41248867941887e-06,Promoter
KIF20B,-1.36728220480265e-06,Promoter
MPP7,-2.49812912878415e-06,Promoter
APLP1,-7.97063578331719e-06,Intron
TSEN54,-1.24637402387698e-05,Promoter
CREM,-8.67340623341441e-07,Promoter
CKS2,4.57031084520634e-06,Promoter
FAM20B,-1.00585163941398e-05,Promoter
EFCAB13,1.46078267835797e-06,Promoter
SNAP29,2.47263794332733e-06,Promoter
PARP6,3.9528264443963e-05,Promoter
AUP1,8.59475988867996e-07,Promoter
COQ8B,-7.29228292645921e-06,Promoter
PCGF3,-5.64673094399207e-06,Intron
SIN3A,2.11602180760242e-05,Promoter
ACTR1A,-5.99820099736137e-06,Intron
SNX12,1.07238728506771e-05,Promoter
CCNYL1,3.55181056718224e-07,Promoter
PDXDC1,1.74469265411685e-05,Promoter
SLC25A5-AS1,2.07661255933919e-06,Intergenic
STIP1,-2.2859210813314e-06,Promoter
PMS2P5,-4.3657854283966e-07,Promoter
MAFA,-2.84521117828661e-07,Intron
UBE2S,-8.12979050868621e-06,Promoter
CNST,-1.61979219747822e-06,Promoter
ZNF787,-4.09574689270944e-06,Promoter
ODC1,-1.74656165373789e-06,Promoter
IGFLR1,3.79722868607542e-07,Intron
CARD19,-4.09597972257691e-06,Promoter
PHLDA3,-1.6856488749521e-06,Intergenic
SMIM6,-5.33753242588474e-06,Promoter
NUCKS1,-1.18103893231435e-06,Intron
GPSM3,-2.03127245247591e-06,Promoter
NDRG1,-5.25354045342074e-06,Promoter
CBX3,3.3980716634809e-05,Promoter
SPATA33,-4.83694395049967e-06,Promoter
SLC25A19,1.96779519585796e-06,Promoter
GPHN,3.68958860948196e-06,Promoter
RBM6,3.28414545364119e-05,Promoter
BAZ1B,4.78956895653678e-06,Promoter
LINC01431,-7.84102836208054e-07,Promoter
PTBP3,-7.08183112811245e-05,Promoter
LYSMD4,-2.34656787388891e-06,Promoter
SHROOM2,-8.34616938147542e-07,Intron
RUSC1-AS1,-1.72083061831384e-06,Promoter
MEGF8,2.08858397635539e-05,Promoter
MYO15B,-1.62266832456079e-05,Intron
RBFOX3,2.78010660821685e-08,Intron
HPCAL1,-1.00823771522282e-05,Promoter
TRIM24,-4.31406915532476e-07,Promoter
TMEM105,-3.07287004117242e-06,Intron
DNAJB6,7.63889395681496e-06,Intergenic
ARHGEF4,4.70677614602719e-06,Intergenic
RMND5A,1.90384803667856e-06,Promoter
SNAI3-AS1,2.45289477433239e-06,Promoter
ZBTB45,6.96283194629318e-06,Promoter
PIN1,-1.13312816323044e-05,Promoter
RNF38,5.93886103874428e-06,Promoter
EIF3K,7.51470405667018e-08,Promoter
COLGALT1,4.23869314102431e-06,Intron
ESYT1,-6.35147046085559e-06,Promoter
FLNA,2.71310622761832e-05,Intergenic
VAV1,-7.90475126933756e-06,Intron
PRKCSH,4.34292860402065e-06,Promoter
USP9X,-8.01430001216804e-06,Promoter
DEDD2,-3.81381250347004e-06,Promoter
MAGIX,-1.00817598907021e-06,Intergenic
ARHGAP19,-1.44768117604081e-06,Promoter
ARL13B,-8.36625918626482e-06,Promoter
SLAIN2,-2.8179698453549e-07,Promoter
STARD9,7.25276128895322e-06,Promoter
MORN3,-1.09140411073616e-07,Intergenic
KCNIP2,1.85232088987985e-06,Intron
CCHCR1,-8.47889889006913e-06,Promoter
TRIM37,7.86420650023647e-06,Promoter
PAF1,4.12681744456525e-06,Promoter
NDUFS7,9.76361196976975e-06,Promoter
MAPK8,9.28189166993258e-06,Promoter
LARP4B,9.94603598217576e-06,Promoter
FAM156A,6.76617148089668e-07,Promoter
ANKRD10,-5.20291578444145e-06,Promoter
GOLIM4,-8.63906072210237e-06,Promoter
ZMYM2,2.13800571984485e-06,Promoter
RIC8A,2.36656611304306e-06,Promoter
SERTAD2,-2.73243629969035e-06,Intergenic
UGDH-AS1,-9.84298865503147e-07,Promoter
STRN,-2.83620243278003e-06,Promoter
RAB3IP,1.61384283169202e-05,Promoter
RPL36,2.21713792234178e-05,Intron
ZFAND2B,-5.45409434050505e-06,Promoter
CCDC88B,-1.16539715025415e-05,Intergenic
RABEPK,1.39921674508374e-05,Promoter
GGNBP2,-5.69381735963846e-05,Intron
RAB1B,-7.08909930353853e-06,Promoter
LARP1,3.52568542563162e-05,Promoter
ZNF446,-8.20704762998213e-06,Promoter
HAUS7,-1.008297869514e-06,Promoter
GNE,-3.28537827900445e-05,Intron
TMEM218,-7.47279008291107e-06,Promoter
LMBR1,-1.00352017347422e-05,Promoter
SYVN1,-2.21229944142976e-05,Promoter
KDM4A,9.58140562307684e-06,Intron
TPCN1,9.40952157678831e-06,Promoter
TPT1-AS1,3.94494782522642e-07,Promoter
CYLD,2.71436693409754e-06,Promoter
CBX8,-3.34832125633143e-06,Promoter
PATL1,1.06509239147341e-05,Promoter
COPS7A,-7.84045684686297e-07,Promoter
NAIF1,-1.46618910464599e-06,Promoter
EFNA3,-4.38751465032555e-06,Intron
KRT8,-3.8850913177524e-05,Promoter
KIF27,-5.90397372193727e-06,Promoter
SLTM,-1.43907821137862e-05,Promoter
ZNF652,-7.64542908115044e-06,Promoter
IDI1,-2.25837033585439e-05,Promoter
PROSER3,4.87547640793964e-06,Promoter
LINC01144,3.44504709039005e-07,Promoter
TMEM116,2.43756607189484e-06,Promoter
CDK2AP2,-7.85372558773122e-05,Promoter
ATP1B1,3.09658874663118e-05,Promoter
PTDSS2,-4.98623677356178e-06,Promoter
NR1D1,1.55456673254935e-06,Promoter
MEX3C,1.61104919067236e-05,Promoter
ING1,6.34891432227408e-06,Promoter
BABAM1,5.46531482489515e-06,Promoter
TCF3,-5.50949245710066e-06,Promoter
FOS,4.57465150728826e-07,Intergenic
BICD2,1.22419842834129e-08,Promoter
PPM1D,2.32145136989404e-08,Promoter
HAGH,-1.78916143078985e-06,Promoter
KDM2A,-2.89112542070546e-05,Promoter
PDCD5,-1.23178642728798e-06,Promoter
MOB3A,-8.9949633068921e-06,Promoter
LINC01273,1.16900569591178e-06,Promoter
BIRC7,2.86480125999476e-06,Intergenic
PHF1,6.35139697204401e-07,Promoter
ALDH3A2,-2.05870113008841e-05,Promoter
UBE2Q2P2,-6.80730497743157e-07,Promoter
PARD6B,-4.71062359712988e-06,Promoter
SAMHD1,-5.33811744531452e-06,Intron
FAM117A,1.67520513573478e-06,Promoter
GNB2,3.87186563367616e-06,Promoter
ARAP3,5.60315206829282e-06,Intron
LGR6,-3.47579201053011e-06,Intron
BCAR1,9.75339616980578e-06,Intron
ATF2,-1.91617218811282e-05,Promoter
STYX,-4.63704191035725e-06,Promoter
RABEP2,-2.2065714157883e-07,Promoter
NR4A1,5.14259286079959e-06,Promoter
KRT80,-0.253497570354422,Intergenic
MAGIX,-1.00817598907021e-06,Intergenic
CACTIN,-2.83281505259223e-06,Promoter
IL4I1,6.72592610818363e-07,Promoter
APOO,-7.95968651013755e-06,Promoter
TMEM8B,8.04966236153879e-07,Promoter
SUCO,-3.99267171193087e-06,Promoter
ZNF487,-1.18256722821279e-06,Intron
ABCC3,-5.12729537289111e-06,Intron
MICAL2,3.62970772189952e-06,Intron
ATXN2L,1.75334541471843e-05,Intron
MAP3K8,4.71764828739254e-06,Promoter
WBP2,9.31856901611263e-06,Promoter
CYC1,-1.41630022764953e-05,Promoter
PMVK,1.0365117481345e-05,Promoter
PTPN6,1.9344200857845e-05,Promoter
PPP1R10,-1.06060731186003e-07,Promoter
GPR108,-1.60919832460068e-06,Promoter
CIZ1,1.83147955932245e-05,Promoter
SMG7-AS1,3.63132932652095e-06,Promoter
PIGU,-1.53400992884644e-05,Promoter
EIF4B,9.22535113378339e-05,Promoter
RGS9BP,3.44462930772237e-07,Promoter
PUS7,2.72089294376205e-06,Promoter
DDX42,2.79057540911329e-05,Promoter
FAF2,-5.38116084949922e-06,Promoter
GLIS2,1.04205335469371e-06,Intergenic
MORC3,2.99507378587892e-06,Intron
MMAB,4.28430171891375e-05,Promoter
RCL1,-4.33747058370606e-06,Promoter
ALCAM,-1.10352903958809e-05,Promoter
PARK7,-3.79500466413088e-06,Promoter
KIFAP3,1.48052752942897e-05,Promoter
PHF12,-1.40721016495197e-05,Promoter
ANXA8,-6.48482290332075e-08,Intron
HINT2,1.43710595964345e-06,Promoter
RPL28,1.81325294550811e-05,Promoter
GPRC5A,-4.57787363010343e-05,Promoter
RPS9,4.80171045462159e-06,Promoter
MARK2,3.59964153319262e-06,Promoter
CEP170,9.78204451856745e-07,Promoter
CBX2,1.37163405558382e-05,Promoter
NUTF2,-1.11362539571377e-06,Promoter
MYADM,-4.34096500827888e-05,Promoter
MAN2C1,4.770854951363e-05,Intron
PLK4,-1.190444012536e-05,Promoter
SMIM7,-8.18884059618466e-06,Promoter
BNIP3L,-5.7447428882536e-07,Promoter
PQBP1,3.88166849953776e-05,Promoter
PARS2,5.43522065846376e-06,Promoter
C16orf87,5.08373385232448e-08,Promoter
PRPF8,2.26508295664759e-05,Intron
CLHC1,1.19703594288549e-06,Promoter
ARL4A,-1.11824166320083e-05,Promoter
ZNF780A,-9.85353227520793e-06,Intergenic
ANXA8,-6.48482290332075e-08,Intron
ZNF33A,1.48195946228743e-05,Promoter
MRGBP,1.66082914350684e-06,Intergenic
DHRS13,7.0156067506426e-06,Promoter
ZNF133,2.56252999653084e-06,Promoter
PRSS27,1.50200271651068e-06,Intergenic
MMP17,1.05158880984236e-07,Intergenic
SPATA6,1.56670537217558e-08,Promoter
CELF5,1.22005450137796e-06,Intron
ARL2BP,4.30605104051021e-06,Promoter
MGME1,-5.39753135163551e-06,Promoter
ARHGEF1,4.11705234316848e-06,Promoter
PITPNA-AS1,9.210855464118822e-09,Promoter
SMDT1,3.8299210324974e-06,Promoter
RHEB,-6.01521015212526e-06,Promoter
EGLN2,4.33961577429247e-06,Promoter
GCC2-AS1,-3.94078614081123e-07,Promoter
KIF2A,-6.72450464150967e-06,Promoter
EARS2,1.53414127176432e-05,Promoter
SMC1A,6.3815244555456e-06,Promoter
CNOT4,1.22776182042442e-06,Promoter
TRIM41,8.9129625920305e-06,Promoter
DTL,-1.2946758480484e-05,Promoter
LINC01503,2.75509729274247e-06,Intergenic
TMEM219,-8.93932914876578e-06,Intergenic
MTHFS,1.03078434811852e-06,Promoter
ZNF410,2.17067533045596e-06,Promoter
ZNF473,-4.91713466009802e-06,Promoter
CGGBP1,-1.02935971411455e-05,Promoter
SEMA4B,-1.6332767047778e-06,Intergenic
SEC16A,1.71717464806037e-05,Promoter
ORC4,-6.10917696938992e-06,Promoter
DNAJC18,6.22657421380459e-06,Intron
B9D1,4.42146201331683e-07,Promoter
RGL1,-1.09021407360576e-05,Promoter
BSG,3.82309833688306e-05,Intergenic
EMC9,5.06921515525735e-06,Promoter
PLB1,1.78775986436962e-06,Intron
CRAT,-6.19741982323968e-05,Promoter
NAV2,-2.09018418265147e-05,Promoter
CIPC,-1.04769736500047e-06,Promoter
ZNF511,8.88234692081692e-07,Promoter
MAPK6,1.3138629528331e-05,Promoter
THG1L,-3.48437190291166e-06,Promoter
TIGAR,-1.23259246891037e-05,Promoter
NRBP2,5.61077249003237e-06,Promoter
ZFP41,4.34110886210612e-07,Promoter
LIN37,1.62741240751065e-05,Promoter
ELF3,-2.98657747676269e-05,Intergenic
ZNF740,5.11981070179914e-06,Promoter
ADAM17,1.39737937860836e-05,Promoter
XRCC3,-8.62921911446462e-06,Promoter
NIPA2,-2.55719543618065e-05,Promoter
CFAP126,-7.52425737968808e-06,Intergenic
S100A11,-3.00423026295307e-06,Intergenic
TAX1BP3,-2.8560018225199e-06,Promoter
INPP5F,-3.82041314869551e-06,Promoter
ZNF706,5.9277876120678e-06,Promoter
ZNF335,1.49249635131881e-06,Promoter
CYB561A3,5.06118268118651e-06,Promoter
TIMM22,-6.03948455462144e-06,Promoter
PDP1,1.57430716155966e-06,Promoter
SYMPK,1.11482240778924e-05,Promoter
TNIP1,-7.19742922017063e-07,Intron
C14orf119,-3.96734174063671e-06,Promoter
BHLHE40-AS1,-1.3943100222361e-06,Intergenic
ERAP1,-7.73439269225735e-06,Promoter
STAM2,-1.24965476798795e-05,Promoter
IPO13,-4.41198503364279e-06,Promoter
CNFN,2.79157243801885e-06,Intron
TMEM50B,1.78862811048191e-07,Promoter
BZW1,-2.13705593319388e-05,Promoter
CPEB4,1.77727728544166e-05,Promoter
MAP3K14-AS1,1.3240380879532e-06,Promoter
AGPAT1,-8.7111874473083e-07,Promoter
MKNK2,-2.88180859669828e-07,Intergenic
SAP130,3.39430361524668e-06,Promoter
EEF1D,1.42348890201862e-05,Promoter
DNAH17,-1.46582483293416e-07,Intergenic
LNPEP,-1.36907131688625e-05,Promoter
UVSSA,4.26369191268154e-06,Promoter
HMGB2,4.70869644769672e-05,Promoter
LRRC28,-1.2145539346206e-05,Promoter
GPSM3,-2.03127245247591e-06,Promoter
DHTKD1,1.35473513815568e-05,Promoter
MRPL17,-8.38343352452611e-06,Promoter
RNF19A,8.38555756967819e-06,Promoter
C16orf46,1.52927324560697e-06,Intron
ZSCAN2,1.58551680956273e-05,Promoter
SLC50A1,-4.09610608622507e-06,Promoter
M6PR,-1.36549830585007e-06,Promoter
INAFM1,4.36554145719391e-07,Intergenic
C6orf62,1.19053136659902e-05,Intergenic
ARMC10,6.37332376974648e-06,Promoter
GRIN1,2.05933738128183e-07,Intron
HERC4,-8.19389786077871e-06,Intron
GZF1,3.10554701452675e-06,Promoter
KAT5,1.06388269266752e-06,Promoter
ZBTB18,1.03535402809001e-05,Promoter
BMPR2,1.47237280596618e-06,Promoter
CFAP61,3.37410246263879e-07,Promoter
CDV3,5.80291838146063e-06,Promoter
RPLP2,8.2603370570062e-06,Promoter
PSMD3,1.8792818973689e-06,Promoter
CHD8,9.11700920863587e-06,Promoter
LINC00863,2.61710010942398e-06,Promoter
ZNF558,3.23610487319106e-06,Promoter
EML4,1.88860942811549e-05,Promoter
CDC25A,-5.73740588492549e-06,Promoter
MFSD12,9.73862065870999e-06,Promoter
MSL2,7.09934121121058e-07,Promoter
B3GNT3,-1.90386086647942e-05,Intron
LETMD1,-3.35828577031112e-06,Promoter
NR1D1,1.55456673254935e-06,Promoter
NR4A1,5.14259286079959e-06,Promoter
ESRRA,-2.52035203403407e-05,Promoter
LTBP4,5.00963987736453e-06,Intron
MEIG1,-4.99556815906354e-07,Intron
CDC6,2.31514131252993e-05,Promoter
UNC45A,7.74530103281413e-06,Promoter
FPGS,4.93986714757188e-06,Promoter
NRBP1,6.08956689384166e-07,Intron
ADRB2,-4.41206480761995e-07,Promoter
INSIG1,2.21916260759132e-06,Promoter
EFR3B,3.60772110505903e-06,Promoter
CNOT11,8.03584650469478e-05,Promoter
MOB1A,-1.15211623078973e-05,Promoter
CEBPG,4.42911716197287e-06,Promoter
GNPNAT1,-9.84424718749442e-06,Promoter
LMF1,-3.41823952732875e-06,Promoter
LMNA,-1.9272418503595e-05,Promoter
VPS28,-3.85886414523505e-06,Promoter
DOT1L,8.41239416149589e-05,Intron
CACNA1G,1.87262427007352e-05,Promoter
DUSP1,1.54881144316569e-05,Intergenic
PTMS,-1.226696993167e-05,Intergenic
YY1,-1.24846905503058e-05,Intergenic
DNPEP,-8.64680798738113e-06,Promoter
NAA35,1.45965459043094e-05,Promoter
FCHSD2,-1.35968400040948e-06,Promoter
MGAT1,-3.84043124611938e-06,Promoter
CCDC191,5.80183225642449e-06,Promoter
NR1D2,2.05324867007886e-05,Promoter
CHID1,3.26733903591746e-06,Promoter
BSDC1,-2.82633522765744e-07,Promoter
SLC19A1,-1.11555153776695e-05,Intron
NQO1,-1.8239378357272e-05,Promoter
DESI1,5.05598885367487e-07,Promoter
TRIQK,-5.63898323412597e-06,Promoter
TMED4,4.5322612077968e-05,Promoter
ARHGAP27,3.10992617914387e-07,Promoter
AAMP,3.55087129982134e-06,Promoter
PPP5C,1.10063087282024e-05,Intron
SKAP2,1.25751219020642e-06,Promoter
SHMT1,1.62089889130252e-05,Promoter
IDH1-AS1,7.57493948998277e-07,Promoter
ZFAND4,3.72093261891484e-06,Promoter
SLC27A4,4.38321808830557e-05,Promoter
PIGP,-1.1045168923219802e-09,Promoter
USP37,1.68874461752075e-07,Promoter
DEGS2,-2.21801814378088e-06,Intergenic
MIB2,-3.52682160315458e-06,Promoter
PTPN1,5.63057868091689e-05,Intergenic
NCAPG2,7.19682228351817e-06,Intron
SMAD2,-6.78409730254204e-06,Promoter
ZNF487,-1.18256722821279e-06,Intron
TOR2A,1.42839516945502e-07,Intron
TEF,-2.43153625826094e-06,Promoter
CHKB-CPT1B,1.50327668811889e-06,Promoter
ZFAT,-2.72931162239966e-07,Promoter
KLC2,1.17811625277372e-05,Intron
SGMS1-AS1,1.25793400849894e-06,Promoter
KRAS,-3.82250836035209e-06,Promoter
ROGDI,4.68261020016323e-06,Promoter
ST20,-2.72319049206516e-06,Promoter
ZNF775,2.45934104855464e-06,Promoter
STAT2,3.10177624754156e-08,Promoter
MTHFR,-7.21504176563369e-07,Promoter
BAG1,-1.31855409620638e-06,Promoter
ZNF438,-3.00788087669361e-06,Promoter
MACROD1,3.52444709674331e-06,Promoter
RAPGEF6,4.02755022295974e-06,Promoter
CNPPD1,3.63406562587109e-06,Promoter
NXT1,-8.17125107386523e-06,Promoter
CDC42BPB,-0.0002569017729578,Promoter
ITGA3,-6.28645206498814e-06,Intron
POLN,1.94003415660444e-07,Promoter
BCL10,-7.62780525301135e-06,Promoter
SMC6,6.10230918331031e-06,Promoter
RAD23B,-7.59353815112571e-06,Promoter
C1QL1,-3.52810147718957e-06,Promoter
MTFR1,2.96746994002348e-05,Intron
TXN,7.21783867779265e-06,Promoter
RASD1,-3.58968411948671e-07,Promoter
SEC11A,2.54365997419008e-06,Promoter
RPS6KA2,1.66714258663922e-06,Promoter
STK25,2.18496359375505e-06,Promoter
ZBTB9,-6.97910526179459e-06,Promoter
RAC1,-2.13383687383439e-05,Promoter
GATAD2B,-2.33252856938744e-05,Promoter
GPR137,-9.81920399018029e-06,Intron
ATG9A,1.57788768042066e-05,Promoter
SREBF2,1.07865849811794e-05,Promoter
EIF1,-1.15886382107521e-07,Promoter
FIS1,-1.01712602183448e-05,Intron
KCTD7,2.34235057888108e-07,Promoter
GEM,-4.76332005121092e-06,Intergenic
WWOX,9.40526647788655e-07,Promoter
LLGL2,-7.95011885148871e-06,Promoter
ZNF837,-3.5848722214292e-06,Promoter
COX5A,1.1619176004e-05,Promoter
AFF4,7.02545750342748e-06,Promoter
NPW,1.21167166197451e-06,Intergenic
NAA40,1.15008847855026e-05,Promoter
KPTN,2.23712796739227e-06,Promoter
AMN1,-4.30212734663115e-06,Promoter
INCA1,8.55832685490955e-07,Promoter
SOCS7,-6.89545456411157e-07,Promoter
CACFD1,1.54560723913714e-06,Promoter
SLC25A28,4.69211752033984e-06,Promoter
FAM72B,2.24458390331591e-06,Promoter
PSME1,-2.19103795739267e-06,Promoter
TCP11L1,4.84807608880788e-06,Promoter
VIM,1.53664191928236e-05,Intron
RIN1,5.00659682685824e-06,Promoter
TERF1,-2.63284398717441e-06,Promoter
AMDHD1,3.62082585844345e-06,Promoter
CABIN1,3.85066846792247e-06,Promoter
KATNBL1,-3.22000252526705e-06,Intron
PIK3R2,-2.00582173141191e-06,Promoter
PRR13,-2.25769244911802e-05,Promoter
TMEM230,-1.2231493755659e-05,Promoter
UBXN4,-2.05480308057081e-06,Promoter
CNBP,5.80957844124942e-06,Intergenic
DGAT1,1.91932760822982e-05,Promoter
TERT,-2.99051171301369e-06,Intron
GOLGA1,5.49779513073786e-06,Promoter
MYO18A,6.13125887846638e-07,Intron
UBE2Q2P2,-6.80730497743157e-07,Promoter
TGFBR1,6.41358534602631e-06,Promoter
YPEL1,7.76365253965129e-07,Promoter
STAT6,0.0001406341810396,Promoter
DCAF17,-2.76873819943829e-06,Promoter
EEA1,-3.92899311344662e-07,Promoter
CDIPT,-9.62097694410954e-06,Promoter
CPTP,-2.83010654249899e-06,Promoter
HADHB,5.6580847291983e-06,Promoter
DNAH2,-1.89680999283149e-06,Promoter
NOLC1,3.69885529294748e-06,Promoter
LAP3,-4.03322063417984e-05,Promoter
LRP11,-4.38673445358254e-06,Promoter
PDE8A,-2.29276432071909e-06,Promoter
PMS2,8.63258152690285e-06,Promoter
NANS,-3.59018729608033e-06,Promoter
RNF44,1.40321672334943e-06,Promoter
CYP20A1,-8.78881639542529e-06,Promoter
SLC2A4,-4.9411505856594e-07,Promoter
GFER,3.16202579375852e-06,Promoter
USP53,-2.2379119957115e-05,Promoter
RILP,-5.00408729813934e-07,Intron
SLC35E2B,4.8398582441759e-06,Promoter
ITPR1,-3.84793127001672e-07,Promoter
UQCRC1,-1.67087313777016e-06,Promoter
SFXN5,1.57420886518423e-05,Promoter
FLT4,8.01844457200844e-06,Intergenic
RARG,-1.1256207541674e-05,Promoter
TOB1,-2.95179386791839e-05,Promoter
RNPS1,6.83218098696549e-06,Promoter
ZFP36,-1.37505591176844e-05,Intergenic
IL11RA,9.9475195225798e-07,Promoter
ELP6,-1.10342466536716e-05,Promoter
EPOR,2.84246568857284e-06,Intron
FOCAD,-1.77979834771874e-05,Intron
PPIB,-7.60882135119729e-06,Promoter
TMEM115,-4.34670924887257e-06,Promoter
VPS26A,-2.50050241904986e-05,Promoter
POP7,-3.2856305333032e-06,Promoter
GNL3L,-1.11293849540822e-05,Intergenic
TIGD3,-2.04878876005747e-07,Promoter
THAP9-AS1,3.12318483953921e-06,Promoter
SMG1P2,1.862304949151e-06,Promoter
AP3M2,4.30985330140455e-06,Promoter
TBC1D25,4.79421808580667e-06,Promoter
PPP2R5B,1.51227128398205e-06,Promoter
STXBP1,1.47821039633429e-06,Promoter
COPZ1,2.1181703371637e-05,Promoter
ZDHHC24,-5.65156041734553e-06,Promoter
EGR1,-9.80129259969513e-07,Promoter
LINC01220,-8.90751052995202e-08,Promoter
ANXA8,-6.48482290332075e-08,Intron
VPS4B,-8.99559229060179e-06,Promoter
ULK1,-2.97867989945899e-06,Intron
ZC3H3,2.63073422393753e-06,Promoter
CDK5RAP2,2.36901630909897e-05,Intron
DHX38,1.99799275723486e-05,Promoter
AMER1,9.11915837881492e-06,Promoter
VCL,1.45235123512813e-06,Promoter
DUSP18,2.53308172100624e-06,Promoter
PRMT3,-9.03771700781419e-06,Promoter
RASA3,1.72206052731722e-05,Intron
SLC25A11,1.13085194103587e-05,Promoter
MCFD2,1.0186068990834e-06,Intron
EPN2,-1.61555748113398e-06,Promoter
FLYWCH1,-2.27611560019491e-06,Intergenic
MYO15B,-1.62266832456079e-05,Intron
ASXL1,5.83605530631142e-05,Promoter
IGF1R,2.43603594481719e-05,Promoter
USP42,-3.40249652193198e-06,Promoter
TMEM52,4.45480215623496e-07,Promoter
EPHA6,4.26213392074924e-07,Intergenic
ABI1,-1.01455513228686e-05,Promoter
LRP8,1.33952151246524e-05,Intron
ZNF395,-6.04076753882345e-07,Intergenic
FAM118A,4.3926100390635e-06,Promoter
DTYMK,4.59796154950927e-06,Promoter
DTD1,-4.06781652685188e-06,Promoter
PAQR4,1.58528749578359e-06,Promoter
PRCD,1.18426309562272e-06,Intron
SNORD3B-1,1.82003585660654e-07,Promoter
DIXDC1,-1.81828989210601e-05,Promoter
PRSS22,8.45706180763435e-07,Intergenic
RAB6A,4.30257806014712e-05,Promoter
BCL7B,-1.28906397241297e-05,Promoter
ACD,-1.12318390827535e-05,Promoter
MYH9,-4.46210710080994e-08,Promoter
UPP1,-1.69005775886763e-05,Promoter
FCGR2A,9.80693905473504e-07,Intergenic
TSGA10,-3.67825568905371e-06,Promoter
CHCHD4,4.25336511905995e-06,Promoter
ALDOA,7.11421588589873e-06,Promoter
GLA,7.29142984688521e-05,Promoter
SMG6,9.79623442467628e-06,Promoter
NXNL2,1.90617178196829e-07,Promoter
HNRNPR,-2.552919786186e-06,Promoter
SAC3D1,1.01255302434207e-06,Promoter
OPRL1,6.10077797320211e-07,Intron
ANO10,-2.34636298461272e-05,Promoter
PNO1,9.86623730240807e-06,Promoter
ELF3,-2.98657747676269e-05,Intergenic
PDPK1,-1.20646511479149e-06,Intron
HGH1,-4.29451431260142e-07,Promoter
PIGQ,1.14222916430216e-06,Intron
ENGASE,1.12435756066447e-05,Promoter
MFSD5,-9.93499847098758e-07,Promoter
SPIN1,0.0001317948999854,Intron
DGCR6L,3.02271464306664e-06,Intergenic
FAM157C,-5.63499427631208e-07,Intron
TMEM219,-8.93932914876578e-06,Intergenic
MTG1,3.00855898201769e-06,Promoter
PSMG1,9.88237655867572e-07,Promoter
PRKAR2B,9.05651431452751e-06,Promoter
WEE1,2.21306956354135e-05,Promoter
TPGS1,6.27754730779376e-06,Promoter
AXIN1,2.40746749886954e-06,Promoter
CIAO1,-8.55587912864933e-06,Promoter
TSPAN17,4.87374550588694e-06,Promoter
MEX3B,2.9196400896301e-06,Intergenic
CDK19,-1.57800079395749e-05,Promoter
CCNT2-AS1,8.85499540114906e-07,Promoter
MACROD2,-5.40005211886409e-08,Promoter
RSRP1,8.71868509601177e-06,Promoter
THOC6,4.51677132384646e-06,Promoter
PNKD,2.42472948372355e-06,Promoter
GCSH,-1.94494388391683e-06,Promoter
COPS4,4.6536957755214e-07,Promoter
TGFA,6.14765638540238e-05,Promoter
GADD45A,5.80246679766378e-06,Promoter
PGRMC2,3.27993952282711e-05,Promoter
RGMB,2.69697596558913e-05,Promoter
RABIF,-5.15270660548432e-05,Intron
NPC1,7.0533220740702e-05,Promoter
CCDC167,-1.29030152565715e-05,Promoter
ZNF488,-2.67666987371585e-06,Promoter
ZNF18,-2.76987143032819e-06,Promoter
TMEM222,2.26426681740596e-06,Promoter
CLN6,1.90201209516592e-06,Promoter
ZNF250,-2.89839346362468e-06,Promoter
EZH1,1.38564317920891e-06,Intron
SLC17A7,3.70379837498345e-07,Intergenic
CCNE1,-7.07877492439598e-06,Intergenic
ATM,-2.77207484949132e-07,Promoter
CUTA,3.33711319804773e-06,Promoter
CALR,-2.51777923162857e-05,Promoter
ANKRD36C,-6.59547665887842e-06,Promoter
PAIP2B,1.48408693691557e-07,Promoter
PPA1,2.1468511091786e-06,Promoter
CPSF3,-8.82649117195573e-06,Promoter
ATAD2B,4.21410004085519e-06,Promoter
CBFA2T2,5.81528464579436e-05,Promoter
SH2B1,7.41583056263761e-06,Promoter
PPP2CA,5.27848421047663e-06,Promoter
TARBP2,5.46622948037345e-06,Promoter
ASAP3,6.45086889221537e-06,Promoter
ZFC3H1,6.05228901818341e-06,Promoter
CTPS1,3.40354557676437e-06,Promoter
TMEM87A,1.54493334505639e-05,Promoter
TLE4,-3.14129195396332e-06,Promoter
CEP131,4.5305709458175e-06,Promoter
DLGAP4,-1.0127289634473e-05,Promoter
MIGA2,4.2642321386709e-05,Promoter
TRIM59,1.89167351407735e-05,Intron
G6PD,-9.31369880079148e-06,Promoter
NMT2,-1.01785775804908e-05,Intron
CAND1,-1.53721926427439e-06,Promoter
CAND1,-1.53721926427439e-06,Promoter
RAB35,-1.57931216638463e-05,Intron
SLC25A39,1.94519223298445e-08,Promoter
RASSF1,2.69698200501029e-06,Promoter
MB,-2.11979163063072e-06,Intergenic
NAP1L4,-1.82790571481841e-06,Promoter
PTOV1,1.63386813832158e-05,Promoter
PEMT,8.55460713239061e-06,Promoter
PTBP1,-1.35813211008668e-06,Promoter
PC,-1.25354232423481e-05,Promoter
VRK2,1.03362809795822e-05,Promoter
ZHX1,-1.26753805291258e-05,Promoter
ARHGAP35,3.48450522954981e-06,Promoter
MCRIP1,-8.01636516311306e-07,Promoter
STK3,-2.50702583341294e-06,Promoter
SLC16A13,4.18015989431855e-06,Promoter
SUV39H2,-3.91585310709016e-06,Promoter
PLPP1,-1.18857102065035e-05,Promoter
TBX3,-3.67621041939544e-07,Promoter
CAMKK1,3.81356064444332e-06,Promoter
SRPRA,6.29711017887674e-06,Promoter
RNF13,8.78147351949325e-06,Promoter
RNPEPL1,-1.81275353702526e-05,Intergenic
SCLY,3.45975918499317e-06,Promoter
HOXC13,-1.23568245552057e-06,Promoter
CERS5,3.09757367199194e-06,Promoter
INAFM1,4.36554145719391e-07,Intergenic
CBX1,3.32755664516711e-06,Promoter
ABL1,0.0001150972576264,Intergenic
MEA1,-5.25328946731075e-06,Promoter
OTUD6B-AS1,-1.26443790418994e-05,Promoter
LRRC37A,1.13642958728289e-06,Intergenic
MCM7,2.6000080113133e-06,Promoter
CHMP3,-4.93593472341719e-06,Intron
USP36,2.47757830350739e-05,Intron
FIS1,-1.01712602183448e-05,Intron
LINC00471,1.54652345967976e-06,Promoter
CDKN2AIP,2.79203289480573e-05,Promoter
GNA11,5.34019311028579e-06,Promoter
AKAP8L,2.84544299262903e-07,Promoter
PPP1R11,-1.06904125189336e-05,Promoter
UVRAG,3.34882646878322e-07,Promoter
RARG,-1.1256207541674e-05,Promoter
PLEKHG2,2.63878652459184e-06,Promoter
DENND4C,6.62025126070095e-06,Promoter
NTHL1,-1.32745499684982e-06,Promoter
RARG,-1.1256207541674e-05,Promoter
DAG1,-7.69321366344461e-06,Promoter
SETD1B,-3.30045216851365e-05,Intron
TDRD3,-7.37885882288687e-06,Promoter
STK32C,1.15130790715685e-06,Promoter
IFT122,4.50161497162933e-06,Promoter
EXOC3-AS1,3.68218144399525e-06,Intron
LYSMD3,6.04115398135819e-05,Promoter
ANAPC13,-9.16296998983393e-06,Promoter
NOXA1,-1.04116450313681e-06,Promoter
GPR146,-5.39439525509371e-08,Intron
KMT5A,5.69897563735526e-06,Promoter
TCF19,-9.08411839242205e-06,Promoter
TPM1,-8.67421335901503e-06,Promoter
ACLY,1.98941767820943e-05,Promoter
RSPH1,-4.10148653859396e-07,Promoter
DDT,5.752130643479e-07,Promoter
ST3GAL2,3.7238125701058e-06,Intron
ABCA5,-6.37032667166807e-06,Promoter
ZFP1,3.98953679558488e-06,Promoter
UBE2G1,-1.58929042766424e-05,Promoter
LMCD1-AS1,7.32451409765019e-08,Promoter
MAP3K14,1.42080502624264e-06,Promoter
PHF20L1,5.75416455151744e-06,Promoter
SIRT5,-4.07803392071279e-06,Promoter
ITGB1,5.88157878391271e-05,Promoter
RSRP1,8.71868509601177e-06,Promoter
KIF24,1.33763670749695e-05,Promoter
POU2F1,-1.73494773597147e-06,Promoter
HNRNPH3,2.97676176591486e-06,Promoter
HNRNPA3,8.06618081629201e-07,Promoter
AP4B1,-5.74399957955023e-06,Promoter
PRKACA,-8.11835064005502e-07,Promoter
USB1,-1.25995570196273e-06,Promoter
ABTB1,6.5334326076858e-06,Intron
SEMA4B,-1.6332767047778e-06,Intergenic
B3GAT3,2.7492487813504e-06,Promoter
DIP2A,3.46070744976131e-06,Promoter
ERCC4,-9.29663688513963e-06,Promoter
EDEM1,-1.51775369905005e-05,Promoter
CLTA,-1.70100143124102e-08,Promoter
FBXO15,-2.72832222440056e-06,Promoter
SNN,9.86326335043259e-06,Intergenic
C9orf72,-1.46020207852412e-06,Promoter
CYCS,-1.01422721193555e-05,Promoter
NRSN2,2.09876328891685e-06,Promoter
GIGYF2,-9.58324630336877e-06,Intron
PRRC2A,1.25852175672714e-05,Promoter
UTP6,2.51097789387658e-05,Promoter
SCAF11,-1.65776779072693e-05,Promoter
NEO1,3.36166843776528e-06,Promoter
CCDC87,1.09711829425235e-06,Promoter
CALM1,1.62727888179639e-05,Intergenic
CUTA,3.33711319804773e-06,Promoter
C17orf67,6.4342626809403e-06,Promoter
CAMKK1,3.81356064444332e-06,Promoter
BTG2,-9.4294840174083e-07,Promoter
SETX,4.04016172145866e-07,Promoter
COPS3,-3.86115658230707e-05,Promoter
ZNF639,-6.82498273376476e-06,Promoter
ANKRD16,-3.11964152124316e-06,Promoter
PCYOX1,-7.38302596462353e-06,Promoter
PITPNM1,-3.80927678539764e-06,Promoter
SDE2,-1.35689880954831e-06,Promoter
TYW1B,3.23213369769563e-06,Promoter
OSBPL11,-9.66627080659414e-06,Promoter
NPTN,-1.31363793560342e-05,Promoter
RAB5C,-3.9615304544095e-06,Promoter
DDX41,1.40612833121299e-05,Promoter
CALCOCO2,5.02213652257992e-05,Intron
NUBP1,-8.01066135593628e-06,Intron
LINC01023,9.14593093802899e-07,Promoter
FAM222A,-1.44286538755967e-06,Promoter
AGBL5,-7.58043943360135e-06,Promoter
CEP68,3.43962865185272e-06,Promoter
NUMBL,-1.99191549639494e-06,Intergenic
NFKB2,1.05976891807186e-05,Promoter
TAF1B,-1.42829237849417e-05,Intergenic
CTBP1,-9.22674146097697e-06,Promoter
MAP3K6,-6.25322274008727e-06,Intron
FGFRL1,5.24234315398468e-06,Intergenic
FADS2,-2.59423617884637e-06,Promoter
CAPN1,-1.94737365504764e-05,Promoter
LMNB1,4.76307209228532e-06,Promoter
RABGAP1L,-2.00032778451155e-06,Promoter
SLC6A9,2.09115265592743e-05,Intron
SP2-AS1,2.59741645309006e-06,Promoter
TMEM9,7.39643824230626e-07,Intron
SRXN1,1.14940771733475e-05,Promoter
DNM1P35,6.40463141502315e-07,Intron
SCRN2,3.16680662525517e-06,Intron
SNRPG,3.66551692797819e-05,Promoter
DDB2,-1.89003337745768e-05,Promoter
PTGES,2.69608257978038e-05,Intergenic
HGSNAT,2.24155282846223e-06,Intron
FAM185A,1.15891034177112e-06,Promoter
RAB11B,-7.11385346434215e-06,Promoter
DKC1,5.37332095053438e-05,Promoter
BAIAP2,1.42183324781501e-05,Intron
FADD,9.27099824507846e-06,Intergenic
ALDH1B1,3.93018207917651e-06,Promoter
FGFR4,7.07735938519252e-06,Intron
NEAT1,-2.5730121600622e-08,Intergenic
NDST2,-8.40512590662173e-07,Promoter
CRAMP1,6.538527748723e-06,Promoter
MAPRE1,-8.99967910483365e-06,Intron
YIF1A,5.97083093548422e-06,Promoter
NOG,3.46941004073253e-07,Intergenic
POLDIP2,0.0001334127337862,Promoter
NPAS1,-2.99802765140908e-06,Intron
DNMT1,2.48350776523284e-06,Promoter
STK40,-1.67900853955715e-05,Promoter
TCF19,-9.08411839242205e-06,Promoter
BCL3,4.26629063153893e-06,Intergenic
BMT2,2.14676368832735e-05,Promoter
SNHG10,7.2303971809042e-06,Promoter
PBRM1,-7.20211982983358e-06,Promoter
POLR2J,-9.0329869124595e-06,Intron
PRADC1,-2.95661561152411e-06,Promoter
PSMA6,2.92814477380755e-06,Intergenic
PIGA,1.250551313286e-05,Promoter
ETV4,-3.77324022391079e-05,Promoter
TECR,-1.99775041001985e-06,Promoter
AGPAT1,-8.7111874473083e-07,Promoter
KLHL12,-9.03148618745875e-06,Promoter
MTCL1,8.65464985283292e-06,Promoter
UXT-AS1,-3.00113685041316e-07,Promoter
NRDE2,-8.34770736516051e-07,Promoter
AKT3,2.48214458769043e-06,Promoter
BBS9,2.80871712363261e-06,Promoter
TUBA1B,-3.40447134587928e-06,Intron
DYRK1A,-3.01885736127813e-05,Promoter
RALGDS,2.35995344694651e-06,Promoter
DYRK1A,-3.01885736127813e-05,Promoter
ZBTB5,1.15374171010916e-05,Promoter
RABGAP1,4.9572105063807e-08,Promoter
RUSC1-AS1,-1.72083061831384e-06,Promoter
AKT2,-4.8423279841027e-06,Promoter
DYRK1A,-3.01885736127813e-05,Promoter
ALDH3B1,1.04055785170187e-05,Intron
NDUFV3,7.37542401575479e-06,Promoter
ESYT2,-5.90443815924481e-06,Intron
TM2D2,-1.15983915802108e-05,Promoter
PROC,-1.60802416627411e-07,Intergenic
ANKRD13D,1.2796234254647e-06,Promoter
TRAF4,-1.1632662622968e-06,Promoter
TP53BP1,4.32735103844119e-06,Promoter
ZNF333,3.30588146855876e-07,Promoter
KCTD11,3.77011502854914e-06,Promoter
FAM3A,3.89018226075464e-07,Promoter
SPRYD7,-6.11274624602073e-06,Promoter
DUSP3,8.14848708490949e-06,Intron
TPM3,-2.50624589663547e-05,Promoter
FAM111A,-1.5377238843875e-06,Promoter
GRN,4.54216469664262e-06,Promoter
ST3GAL5-AS1,-8.04908221848021e-07,Intergenic
TEC,8.23663268413707e-07,Promoter
RASA2,-3.35419104326928e-06,Intron
ZNF687,2.07552324440564e-05,Promoter
RIC1,9.44700230270111e-06,Promoter
HNRNPUL2,8.75042048980932e-06,Promoter
ZNF526,1.2146104652543e-05,Promoter
GOLGA2P10,-1.22855596274606e-07,Promoter
KIF18B,2.42365670528337e-06,Promoter
CTSL,-2.55257958069998e-05,Promoter
BTBD7,-3.5246672639578e-06,Promoter
JOSD2,-4.64457362769976e-05,Promoter
CCDC33,-7.16438000943301e-06,Intron
NPHS1,-3.44897740665763e-07,Intron
UBE2I,-6.14366772521624e-06,Promoter
GID4,-4.32427939259284e-06,Promoter
AP1S2,2.12788427847488e-05,Promoter
HINFP,1.10498169684353e-06,Promoter
PI4K2A,4.0889171818493e-06,Promoter
HEMK1,3.8959013329716e-06,Promoter
EHF,5.7817496301621e-05,Intergenic
THRAP3,-2.53409019661104e-05,Promoter
TUBB4A,8.59782614147901e-07,Intergenic
KLF9,4.0331042796257e-06,Intergenic
SERF2,-2.75710131780466e-06,Promoter
ARHGAP27,3.10992617914387e-07,Promoter
FASN,5.19804523950913e-05,Promoter
PELI3,4.64383758154478e-06,Promoter
PTK2,7.5789245191897e-06,Intergenic
NQO2,-1.04212798193203e-05,Promoter
ZMIZ1,2.62075137525428e-05,Intron
MBD6,7.68202431494604e-06,Promoter
RNF24,1.01163717564251e-05,Promoter
CHCHD5,5.82587887194694e-07,Promoter
GTDC1,-2.21827794514244e-06,Promoter
BHLHE40-AS1,-1.3943100222361e-06,Intergenic
SULT2B1,-2.58258064121338e-05,Intron
NOP16,9.13490531233791e-06,Promoter
MAGI1,-6.95500309072348e-06,Promoter
TUT1,-2.67924635840406e-05,Promoter
NUMBL,-1.99191549639494e-06,Intergenic
BRCC3,-3.93803093331897e-06,Promoter
PEAK1,8.14598708330642e-06,Promoter
ABR,-8.78254236544216e-06,Intron
HMG20B,2.17081293947204e-06,Promoter
MRPS18B,-1.11053659995333e-05,Promoter
ADK,4.64313129491415e-06,Promoter
ECHS1,-2.09533814158782e-06,Promoter
AKR1C3,-2.95658210423839e-05,Intron
TRAPPC3,-2.10257141278492e-05,Promoter
EML3,2.91136965685494e-06,Promoter
PEX10,-1.1981933321574e-05,Promoter
SLC25A3,2.01674466510995e-05,Promoter
PRDM4,4.06851120039506e-05,Promoter
EEF1G,3.642601596489e-07,Promoter
ZC3H15,-2.37769797197681e-06,Promoter
ARHGEF17,1.33503044446665e-05,Promoter
DNAJA3,-1.09367651887241e-05,Promoter
CUX1,5.96776637610608e-06,Intron
FOSL1,3.3389332436885e-06,Promoter
ADCK5,2.61774650193966e-06,Promoter
LENG9,8.84282390530814e-06,Promoter
RBM14,-1.63826763687237e-06,Promoter
CDC20,-4.74730751293161e-06,Intron
PCNA,-1.74867278985148e-05,Promoter
ALS2,5.90283793890557e-06,Promoter
ADAM10,-1.80593201404471e-05,Promoter
CLCF1,-7.05650514585308e-07,Promoter
TNRC6C,6.81832235212307e-06,Intergenic
VAPA,-1.58005264920451e-06,Promoter
GPATCH8,1.80953306741203e-05,Promoter
GPRC5C,-1.04724423098591e-06,Intergenic
NUFIP1,5.22103697340927e-06,Intergenic
TPRA1,4.87067285524371e-06,Promoter
MUC5AC,8.82344973384523e-06,Intergenic
COA4,-1.37522229449501e-05,Promoter
AHCYL2,5.68028860706148e-06,Promoter
UPK3B,-0.325109852478724,Intron
ELMO2,1.95435697112262e-05,Promoter
RNF41,-2.77709323831401e-05,Promoter
SMAD6,1.88876496299176e-05,Intergenic
TRAPPC9,3.85923456051342e-05,Intergenic
SYPL1,-4.30563783538463e-06,Promoter
NTPCR,-1.24083435791985e-05,Intron
GPBP1L1,5.34636496668512e-07,Promoter
APLP2,0.0002321415739394,Promoter
TOP1MT,2.62435505015236e-06,Promoter
PTK2,7.5789245191897e-06,Intergenic
ZNF76,-4.55742566845084e-06,Promoter
SNRPD3,2.05238708629952e-07,Promoter
WDR81,4.95535041759328e-05,Promoter
ZNF143,-1.32095634459769e-05,Promoter
KNDC1,-7.51299143444784e-07,Promoter
TFPT,6.99486541495462e-06,Promoter
AP2S1,-2.01049764678233e-05,Promoter
ATG101,-3.43362290094792e-06,Promoter
DBP,-1.13921513847909e-06,Promoter
C2orf42,3.75854104914517e-06,Promoter
NAB2,-1.93244903865704e-06,Promoter
MRPS18B,-1.11053659995333e-05,Promoter
DSN1,-2.7014586370257e-06,Promoter
GBA2,4.9450772618537e-06,Promoter
CALM2,-5.31994158672241e-06,Promoter
PIM1,-8.32778539077468e-06,Promoter
INSR,1.47859169279184e-05,Intron
ELF3,-2.98657747676269e-05,Intergenic
GARNL3,1.97452686625781e-06,Intergenic
ABCA2,-1.44998651932355e-06,Promoter
MAX,-3.90331180745864e-07,Promoter
MSH6,-5.1353460012067e-06,Promoter
STK17A,2.48320879114979e-05,Promoter
FOSB,-4.99857233212246e-07,Intergenic
HEXIM2,2.34786751494368e-06,Promoter
TDRP,-1.12949516096579e-05,Promoter
MORN1,2.00094061904752e-05,Promoter
ARHGEF19,-6.55423463923131e-07,Intergenic
ZFP36L2,-1.39129398082447e-06,Promoter
FCGR2A,9.80693905473504e-07,Intergenic
HDAC5,-8.17714106670924e-07,Promoter
GIPR,-4.69937040991862e-07,Promoter
ZCCHC24,1.08719537586707e-05,Promoter
SMYD4,-1.44767877444902e-05,Promoter
TYK2,8.15444227374291e-06,Promoter
SFN,-8.01601981235124e-05,Intron
ORC2,-5.14654706430733e-07,Promoter
PLEKHG6,1.3828045260332e-06,Intergenic
CLPTM1,-5.39948090844427e-06,Promoter
EVPL,1.29292196048012e-05,Promoter
PFKFB4,1.55401022525519e-06,Promoter
RHBDF2,1.01030589872722e-05,Promoter
FAM76A,2.53836600651005e-06,Promoter
FBXO48,8.26080012567457e-06,Promoter
CNNM3,-1.44171112488915e-05,Promoter
CNNM2,2.13628435738408e-06,Promoter
DGCR8,-5.17778448772086e-06,Promoter
TRIM36,-1.99632670734231e-06,Promoter
PCMTD1,4.23307808910723e-06,Promoter
GPAT4,6.73200895236071e-06,Promoter
PHKG2,5.41899045609938e-06,Promoter
SERBP1,5.23404966550489e-06,Promoter
MTHFD2,-5.50239663913454e-06,Promoter
CENPM,5.80941034077556e-06,Promoter
PCMTD1,4.23307808910723e-06,Promoter
ARHGAP27,3.10992617914387e-07,Promoter
EPHA2,-2.03894748335687e-05,Intergenic
EIF4G2,-2.53047652385479e-06,Promoter
BLOC1S2,-1.63541078427407e-05,Promoter
DNAJC17,1.0673904487299e-05,Promoter
SYNGR2,-1.24089680305343e-05,Intron
MAP1B,-1.2495870786998e-05,Intergenic
SSNA1,-5.35622638649516e-06,Promoter
RRM2,2.16142595752057e-07,Promoter
ACAP2,-7.0206150045317e-06,Promoter
PSMA3-AS1,-2.17189835098365e-05,Promoter
L3HYPDH,5.68309412533439e-06,Promoter
TNFAIP8,-5.41526190020174e-06,Promoter
ABR,-8.78254236544216e-06,Intron
MRPL45,-4.10569295954472e-06,Promoter
UPF3B,-1.83110742311931e-06,Promoter
ADAM11,7.6172251809674e-06,Intron
MFN2,8.6724834985109e-06,Promoter
ATP2A2,-2.13078413756729e-06,Intergenic
MCEE,3.72360251343084e-07,Promoter
MINK1,0.0001221699348956,Promoter
STX12,3.06172075953367e-05,Promoter
FAM53C,2.91397510789798e-07,Promoter
HSD17B7,-5.17138561678826e-06,Promoter
RADIL,1.34806173369962e-06,Promoter
GGA1,2.40250646060743e-05,Promoter
AIG1,-5.98846500994131e-06,Promoter
CARNMT1,5.91866191168467e-06,Promoter
CEBPA,4.38330362302356e-06,Promoter
KRT86,2.34328068464054e-06,Intron
FAM162A,-1.59051395905784e-06,Promoter
PIAS3,-6.79850419606527e-06,Promoter
ANGEL2,-5.3743211385574e-06,Promoter
CCNF,4.38036738194835e-05,Promoter
ZNF696,8.38969736382509e-06,Promoter
IRF1,-1.15974773869927e-05,Promoter
ACACB,-3.5806937648347e-06,Intron
SESN3,5.81954446242336e-07,Promoter
MGST3,-6.23355362568809e-06,Promoter
PICK1,-8.83157141626109e-06,Intron
TBC1D2,-1.35252340910124e-05,Promoter
AGGF1,-9.19993241109996e-07,Intron
CRELD1,-2.11110600277922e-06,Promoter
GNAI2,-9.94484200523858e-06,Promoter
MICALL2,2.17349430315069e-06,Promoter
LIN7B,-2.01269889123852e-06,Promoter
SETD1A,7.2720100781081e-06,Promoter
TMEM45A,6.27365588922831e-06,Promoter
ZMIZ1-AS1,2.80386805712256e-06,Intron
SKI,3.75250785238687e-06,Promoter
ECT2,-3.931251101941e-05,Promoter
STX1A,-9.24131942141752e-07,Intron
SLBP,-8.67262273880638e-06,Promoter
PURB,-2.76455655063014e-06,Promoter
LCN12,1.42032910070642e-06,Intergenic
ANKH,9.20232636159874e-06,Promoter
EPS15L1,9.27687698738003e-06,Promoter
CTR9,2.58186096378301e-05,Intergenic
BBS4,5.47994327758861e-06,Promoter
CCHCR1,-8.47889889006913e-06,Promoter
DCUN1D4,-4.55562558418866e-06,Promoter
BPHL,-5.07966024806485e-06,Promoter
BMF,7.62696670568702e-06,Intron
DCAF1,2.28579131060488e-05,Intron
KRT80,-0.253497570354422,Intergenic
TSPAN4,-4.21166319921604e-06,Promoter
DNAJB1,-1.10850929481591e-05,Promoter
PDPK1,-1.20646511479149e-06,Intron
DPP9,-6.54380702612771e-06,Promoter
PRC1,3.6178334209159e-06,Promoter
STK10,2.86840459048398e-05,Promoter
PAIP2,1.06822158565321e-05,Promoter
MNT,1.78349043017498e-06,Intron
BCL3,4.26629063153893e-06,Intergenic
SRRM1,-9.17795874461493e-06,Promoter
F2RL1,6.53415115694874e-06,Intergenic
KCNQ1OT1,-2.30086188314671e-06,Promoter
MYBL1,-4.3732111343873e-06,Promoter
TCTA,1.0252613425704e-05,Promoter
MTHFD1,-1.19219447645355e-06,Promoter
MAPKBP1,3.18037999084099e-07,Promoter
CC2D1B,-2.94282200710044e-06,Promoter
KIF1B,0.0001481361337194,Promoter
SLC3A2,-6.44294208452187e-07,Promoter
RCAN3,-1.79666101770265e-05,Promoter
PCBD2,-5.22951082137709e-06,Promoter
TFEB,-1.27299642089175e-05,Promoter
RPP25,-5.49494375805764e-06,Promoter
MPND,1.38398151612722e-06,Promoter
DYRK3,-4.31191444930693e-06,Promoter
PCBP2,5.43199304535634e-06,Promoter
YWHAZ,-2.67024457467427e-05,Promoter
FAM229A,-1.7389650115263e-06,Intergenic
GRPEL1,-1.34640924273346e-05,Promoter
REV1,2.4880843872799e-06,Promoter
MAP1B,-1.2495870786998e-05,Intergenic
AFTPH,-1.18874433223778e-05,Promoter
PMM1,-9.45024066083225e-06,Promoter
EIF4E2,-6.09486041833147e-06,Promoter
ACKR3,9.74332145056756e-08,Intergenic
MAFK,0.000221009950905,Intergenic
EID2B,2.29881145219541e-06,Promoter
COL6A1,-2.32602042039212e-05,Intergenic
TCF25,2.12682744243764e-06,Intron
DLGAP1-AS2,-1.87111637901682e-06,Intron
CASP9,-3.66848709558279e-06,Promoter
FKBP3,-6.59660883427504e-06,Promoter
FDFT1,2.57383904493594e-05,Promoter
TMEM120B,7.8974771310726e-06,Intron
PHF13,3.68308722387782e-06,Promoter
KIAA0232,4.30000717417248e-05,Intron
DHX35,9.15355532581379e-06,Intron
WAS,-4.94605548450935e-07,Intergenic
ABR,-8.78254236544216e-06,Intron
MRPL57,3.86618012705086e-07,Promoter
HIF1A,-1.99225467483776e-05,Promoter
ZNF768,-1.1135903272414e-06,Promoter
MYO18A,6.13125887846638e-07,Intron
TLCD1,2.93245703981568e-06,Promoter
PRRC2A,1.25852175672714e-05,Promoter
PHB2,1.37580819911392e-05,Promoter
CNOT1,1.7410894504389e-05,Promoter
WWP1,-6.93983821542366e-06,Promoter
FAM222B,5.89311404835514e-05,Promoter
TOM1,-1.34516650192832e-06,Intron
FAM76B,-1.36847038279788e-06,Promoter
RAB11FIP4,-2.13385612690167e-07,Promoter
CHRDL2,1.6906999873763e-06,Intergenic
MIEF1,-5.08071810547135e-06,Promoter
RUBCN,2.02297680923184e-06,Promoter
STIM1,-1.0315810308216e-05,Promoter
TACC1,-7.45283464984766e-06,Intron
NKAIN1,1.11789999450111e-06,Intergenic
HSPA1B,-4.50579193742502e-07,Promoter
CAPZB,-9.39171215619488e-06,Promoter
TULP3,-6.22269451668438e-06,Promoter
ZNF337,-2.36280506606546e-06,Intron
CLDND2,-1.02251885383979e-06,Intron
PLEC,-1.8701662939815e-05,Promoter
PKMYT1,-6.85013980372305e-06,Promoter
SORBS3,-2.60636564222505e-05,Intron
PARP3,-6.16104771664281e-07,Promoter
SPHK2,-2.27423691914732e-06,Promoter
PCBP3,5.43611622398731e-08,Promoter
HP1BP3,-6.82289168214253e-06,Promoter
KIF3A,-2.53600065582988e-05,Promoter
MEN1,1.44024214947954e-05,Promoter
PADI3,-1.54524096734923e-06,Intron
IRF1,-1.15974773869927e-05,Promoter
KANSL1-AS1,-1.96494393819209e-06,Promoter
GSE1,-1.64242806226647e-07,Intron
DANT1,9.98723459327176e-08,Intron
PPP1R11,-1.06904125189336e-05,Promoter
SFXN3,2.35387711956602e-05,Intergenic
STX7,2.66737925148732e-06,Promoter
SPATS2,8.95541501038689e-06,Promoter
C19orf44,2.99926808426501e-06,Promoter
AHSA1,-1.79267979515065e-05,Promoter
KLF11,-5.17434667186383e-06,Promoter
PCIF1,-5.8019067535788e-06,Intron
TIA1,1.15423274948796e-05,Promoter
EHD2,-2.85944015903588e-05,Intron
ABCB10,-4.20600630525676e-06,Promoter
SCAND1,-9.90164238392075e-07,Promoter
C11orf24,-1.70296450539231e-06,Promoter
SLC7A6OS,2.51195665321908e-06,Promoter
HMGA1,-9.01628023989146e-06,Intergenic
BAIAP2,1.42183324781501e-05,Intron
LTN1,6.28416904986097e-05,Intron
FEM1C,-4.46068419726032e-06,Promoter
RFX1,3.34794705689984e-06,Promoter
CISD2,-1.05006644874181e-05,Promoter
ABR,-8.78254236544216e-06,Intron
SURF4,0.0003309480850213,Promoter
ACY1,-1.42725074846728e-07,Promoter
PTMA,-1.1270401909613e-05,Intergenic
IMP3,6.1379142288455e-06,Promoter
ITGA3,-6.28645206498814e-06,Intron
RASIP1,-1.36327415270665e-06,Intron
MTMR9,2.2677249089231e-06,Promoter
YTHDF1,5.58854883219004e-06,Promoter
TAF15,8.80721294416285e-06,Promoter
DRAP1,-3.63478303232769e-05,Promoter
ENHO,2.25593377524089e-07,Promoter
CD63,-8.7693238086492e-05,Promoter
VRK3,-1.24772296171301e-05,Promoter
TMEM217,-7.48399081269501e-08,Intron
PRX,-6.30696580427765e-07,Intron
PRKAG1,3.2868497189308e-07,Promoter
SF3B2,4.8513645399294e-06,Promoter
OAT,3.66604807040659e-06,Promoter
TMEM41B,-7.1419465593651e-06,Promoter
PPIA,5.85421705879903e-06,Promoter
HPS6,1.82819243349605e-05,Promoter
HSPA12A,-7.36016764135447e-06,Promoter
DCAF1,2.28579131060488e-05,Intron
SH2B2,-5.53101736550971e-07,Intron
CCNT1,-2.64264828519154e-06,Promoter
PLA2G12A,-4.62761067621563e-06,Promoter
MELK,-1.79059649219188e-06,Intergenic
CENPA,-4.33572003320103e-06,Promoter
PPP5C,1.10063087282024e-05,Intron
MTHFD1,-1.19219447645355e-06,Promoter
RGS12,-3.33843309065599e-06,Intergenic
KCNK3,-4.41291753914917e-06,Intron
UBE2Q2P2,-6.80730497743157e-07,Promoter
DYNLT1,-9.60154997964703e-07,Promoter
ZNF367,2.52233729190758e-06,Promoter
DLEU2,-3.5726769725067e-06,Intron
TRMT112,-2.42677941058462e-06,Promoter
SYT5,-5.29082305260158e-07,Intron
HHEX,-8.59991532033151e-06,Intergenic
ERP44,-1.20214998263809e-05,Promoter
CNP,-1.79179484022006e-06,Promoter
USO1,-1.54836390969216e-05,Promoter
CDC45,3.34447891165859e-06,Promoter
ARHGAP19,-1.44768117604081e-06,Promoter
SLC35C1,-1.52532122192389e-06,Promoter
ARID5A,2.28305143401668e-07,Intergenic
CDC25C,2.47054897741015e-06,Promoter
ZNF436,-2.70714343341543e-06,Promoter
CCT6A,-4.99750365401998e-06,Promoter
LINC01271,1.35972584955048e-06,Promoter
ARMC2,9.88080200847763e-07,Promoter
DDIT4,-7.46183085886515e-05,Intergenic
RASA1,1.24294088326762e-05,Promoter
HYKK,1.34468504815624e-06,Promoter
HSPA1B,-4.50579193742502e-07,Promoter
DFFB,-7.47817791689689e-06,Promoter
FUT8,-3.02191311416801e-05,Promoter
NOMO3,-5.96376974374999e-06,Promoter
H6PD,6.04555282472013e-06,Promoter
LGALS1,-4.99726829241805e-05,Promoter
DUSP5P1,-1.2237265037593e-07,Promoter
IER3,-2.74992482265225e-06,Intergenic
NME2,3.95891277511293e-06,Promoter
TSPYL2,-4.12726155822494e-06,Promoter
USP3,4.62100400237898e-06,Promoter
GGCT,8.15483963696819e-05,Promoter
C15orf61,3.4858919923484e-07,Promoter
SLC16A5,-1.2345522245096e-05,Promoter
LRRC37A4P,8.89013749177649e-07,Intron
PDCD6IP,-1.86654357275957e-05,Intron
TSPAN4,-4.21166319921604e-06,Promoter
SDC4,-7.56669716425096e-06,Intron
FOXJ2,8.79151607077773e-06,Intergenic
SLC1A4,-4.84806251347308e-06,Promoter
ITPK1,-2.00977522736332e-05,Intron
RPL27,7.7590206890281e-06,Promoter
SETD9,1.512042148009e-06,Promoter
NF2,1.28283990336706e-05,Promoter
PTK2B,-7.8193545378931e-06,Promoter
SFXN4,2.01652761883769e-06,Promoter
RFX1,3.34794705689984e-06,Promoter
ASB8,-2.11681714529862e-06,Promoter
SRRM2,1.01421460353127e-05,Promoter
NPEPPS,-2.93618477038506e-05,Promoter
CDR2L,-1.51857064051549e-05,Intergenic
POLR3B,2.68619532757094e-05,Promoter
NRBP1,6.08956689384166e-07,Intron
EHBP1,2.79392057077212e-05,Promoter
ZCCHC8,3.75819221133378e-06,Promoter
MRPL51,-1.15982245969734e-05,Promoter
LNPEP,-1.36907131688625e-05,Promoter
GRAMD1A,-9.15345996411644e-06,Promoter
HSP90AB1,-1.32047767324494e-05,Intergenic
ANXA5,1.05570646353409e-05,Promoter
UBE2Q1,-5.1883066220127e-06,Promoter
VAV2,2.05449504204538e-05,Intron
BTRC,8.49911858403958e-07,Promoter
DENND4A,-2.49254625896413e-06,Promoter
PRR3,3.23183025419521e-06,Promoter
MRPL4,8.53811647817876e-06,Promoter
FZR1,9.50719698944152e-06,Promoter
ARPC5L,-1.17547658447524e-05,Promoter
LINC00313,7.51740133452334e-06,Promoter
ANP32A,9.91607120270833e-06,Intergenic
HMGN1,-1.15772642231748e-06,Promoter
KHK,-2.33628191762775e-07,Promoter
HSPA1B,-4.50579193742502e-07,Promoter
CACNG6,-9.32615976776473e-08,Intron
ZBED4,1.41402324582355e-05,Promoter
WDR54,1.22721232720141e-05,Promoter
GRB2,1.04208931934656e-06,Intron
GIP,8.01536549257326e-07,Intergenic
BCL2L12,5.72821844497802e-07,Promoter
PSAP,1.34990603792946e-05,Intergenic
PPP1CB,-1.05228285231172e-05,Promoter
MET,0.0001126081057681,Promoter
ZNF181,1.36749512911506e-05,Promoter
MIR4479,-2.56109810228294e-07,Intron
MED26,6.71321457874878e-06,Promoter
SAP30BP,-0.0001279849370488,Promoter
RPRD2,-1.14891896690449e-06,Promoter
PNP,6.32364309996236e-06,Promoter
PCNT,3.15271639508888e-06,Promoter
GTF3C2,-2.00136547458199e-06,Promoter
FERMT2,1.63873190666372e-05,Promoter
CDC42,5.4230957352267e-06,Intron
MDM4,1.54920195308338e-05,Promoter
C7orf50,-4.60120634506619e-06,Promoter
AGTPBP1,-2.32786597090162e-08,Promoter
SUOX,-3.44735070548297e-05,Promoter
FADS1,1.36368942529778e-05,Promoter
OAZ2,-1.15005146544281e-05,Promoter
SLC17A7,3.70379837498345e-07,Intergenic
ZMYND19,-3.41818838616086e-06,Promoter
ERGIC3,-1.07655732874051e-06,Intron
AATF,-1.09352645354848e-05,Promoter
MXD4,5.52642696277896e-06,Promoter
HSPA1B,-4.50579193742502e-07,Promoter
ANKRD36B,-6.21427383374911e-08,Promoter
DCLRE1C,-6.43048409217794e-07,Intron
IZUMO4,-1.06311826486999e-06,Promoter
PRRC2A,1.25852175672714e-05,Promoter
EMC3,-4.98953593023761e-06,Promoter
BRD3,-3.07915262130577e-06,Promoter
ANXA7,7.87702087399616e-06,Intron
CASP3,-4.96685200547797e-06,Promoter
RHOQ,-1.41886007574474e-05,Promoter
TMEM183A,-1.70658439158998e-05,Promoter
